Workbook
Name ConstantHH: TormekCalc!$C$19
Name ConstantHV: TormekCalc!$C$17
Name ConstantVF: TormekCalc!$C$22
Name ConstantVH: TormekCalc!$C$20
Name ConstantVV: TormekCalc!$C$18
Name DefaultConstantFVBBody: Settings!$F$16
Name DefaultConstantHH: Settings!$F$14
Name DefaultConstantHV: Settings!$F$12
Name DefaultConstantVF: Settings!$F$17
Name DefaultConstantVH: Settings!$F$15
Name DefaultConstantVV: Settings!$F$13
Name DefaultEdgeThickness: Settings!$F$21
Name DefaultFVBDistance: Settings!$F$9
Name DefaultGA: Settings!$F$6
Name DefaultJPL: Settings!$F$5
Name DefaultKJD: Settings!$F$7
Name DefaultTJD: Settings!$F$8
Name DefaultUSBDia: Settings!$F$11
Name DefaultWheelDia: Settings!$F$20
Name EmptyData: Settings!$F$33
Name FVBOffset: TormekCalc!$C$13
Name InCellName01: Settings!$C$5
Name InCellName02: Settings!$C$6
Name JigsAll: Jigs!$W$6:INDEX(Jigs!$W$6:$W$55,COUNTIF(Jigs!$W$6:$W$55,"?*"))
Name JigsKnivesDList: Jigs!$S$6:INDEX(Jigs!$S$6:$S$55,COUNTIF(Jigs!$S$6:$S$55,"?*"))
Name JigsToolsAllDList: Jigs!$V$6:INDEX(Jigs!$V$6:$V$55,COUNTIF(Jigs!$V$6:$V$55,"?*"))
Name JigsToolsDList: Jigs!$T$6:INDEX(Jigs!$T$6:$T$55,COUNTIF(Jigs!$T$6:$T$55,"?*"))
Name KnivesDList: OFFSET(KnivesListTable[[#Headers],[KnivesList]],1,0,COUNTIFS(KnivesListTable[KnivesList],"?*"),1)
Name KnivesGrindDList: OFFSET(GrindTypesTable[[#Headers],[Knives grind]],1,0,COUNTIFS(GrindTypesTable[Knives grind],"?*"),1)
Name MachinesAO: Settings!$H$24
Name MachinesCG: Settings!$H$23
Name MachinesConstantFVBBody: Settings!$H$15
Name MachinesConstantHF: Settings!$H$17
Name MachinesConstantHH: Settings!$H$13
Name MachinesConstantHV: Settings!$H$11
Name MachinesConstantVF: Settings!$H$16
Name MachinesConstantVH: Settings!$H$14
Name MachinesConstantVV: Settings!$H$12
Name MachinesDList: IF(COUNTIFS(OFFSET(Machines[#Headers],2,1),"<>")=0,"",OFFSET(Machines[[#Headers],[Setting description]],0,1):INDEX(OFFSET(Machines[#Headers],0,1),COUNTIFS(OFFSET(Machines[#Headers],2,1),"?*")))
Name MachinesUSBDia: Settings!$H$10
Name Max_H_HFUSB_105: Settings!$F$27
Name Max_H_HFUSB_430: Settings!$F$31
Name Max_H_VUSB_105: Settings!$F$25
Name Max_H_VUSB_430: Settings!$F$29
Name Min_FVB_Distance: Settings!$F$23
Name Min_H_HFUSB_105: Settings!$F$26
Name Min_H_HFUSB_430: Settings!$F$30
Name Min_H_VUSB_105: Settings!$F$24
Name Min_H_VUSB_430: Settings!$F$28
Name NotAvailable: Settings!$F$35
Name SetMachines: Settings!$F$34
Name SheetName01: Settings!$B$5
Name SheetName02: Settings!$B$6
Name ToolsDList: OFFSET(ToolsListTable[[#Headers],[ToolsList]],1,0,COUNTIFS(ToolsListTable[ToolsList],"?*"),1)
Name ToolsGrindDList: OFFSET(GrindTypesTable[[#Headers],[Tools grind]],1,0,COUNTIFS(GrindTypesTable[Tools grind],"?*"),1)
Name VariableCG: TormekCalc!$C$27
Name VariableDK: TormekCalc!$C$28
Name VariableGA: TormekCalc!$C$11
Name VariableJC: TormekCalc!$C$26
Name VariableJG: TormekCalc!$C$25

Sheet TormekCalc
B2: TormekCalc2
B4: Database | C4: Knives | E4: =IF($C$4=""," <-- " & EmptyData,"") | F4: Wheel | G4: SG-250 | H4: SB-250 | I4: Sun Tiger 800 | J4: SJ-250 | K4: Sun Tiger 4000 | L4: DC-250 | M4: DF-250 | N4: DE-250 | O4: LA-220 PA-77 | P4: LA-220 FlexCut | Q4: LA-220 Chromox | R4: Custom 1 | S4: Custom 2 | T4: Wheel XY
G5: =IF(ISERROR(CELL("width",G$4)),F5+1,N(F5)+SUBTOTAL(103,G$4)*(CELL("width",G$4)>0)) -> 1 | H5: =IF(ISERROR(CELL("width",H$4)),G5+1,N(G5)+SUBTOTAL(103,H$4)*(CELL("width",H$4)>0)) -> 2 | I5: =IF(ISERROR(CELL("width",I$4)),H5+1,N(H5)+SUBTOTAL(103,I$4)*(CELL("width",I$4)>0)) -> 3 | J5: =IF(ISERROR(CELL("width",J$4)),I5+1,N(I5)+SUBTOTAL(103,J$4)*(CELL("width",J$4)>0)) -> 4 | K5: =IF(ISERROR(CELL("width",K$4)),J5+1,N(J5)+SUBTOTAL(103,K$4)*(CELL("width",K$4)>0)) -> 5 | L5: =IF(ISERROR(CELL("width",L$4)),K5+1,N(K5)+SUBTOTAL(103,L$4)*(CELL("width",L$4)>0)) -> 6 | M5: =IF(ISERROR(CELL("width",M$4)),L5+1,N(L5)+SUBTOTAL(103,M$4)*(CELL("width",M$4)>0)) -> 7 | N5: =IF(ISERROR(CELL("width",N$4)),M5+1,N(M5)+SUBTOTAL(103,N$4)*(CELL("width",N$4)>0)) -> 8 | ... T5: =IF(ISERROR(CELL("width",T$4)),S5+1,N(S5)+SUBTOTAL(103,T$4)*(CELL("width",T$4)>0)) -> 14
C6: Used value | D6: Input | G6: =IF(ISERROR(INDEX($G$4:$T$4,MATCH(COLUMNS($G6:G6),$G$5:$T$5,0))),"",INDEX($G$4:$T$4,MATCH(COLUMNS($G6:G6),$G$5:$T$5,0))) -> SG-250 | H6: =IF(ISERROR(INDEX($G$4:$T$4,MATCH(COLUMNS($G6:H6),$G$5:$T$5,0))),"",INDEX($G$4:$T$4,MATCH(COLUMNS($G6:H6),$G$5:$T$5,0))) -> SB-250 | I6: =IF(ISERROR(INDEX($G$4:$T$4,MATCH(COLUMNS($G6:I6),$G$5:$T$5,0))),"",INDEX($G$4:$T$4,MATCH(COLUMNS($G6:I6),$G$5:$T$5,0))) -> Sun Tiger 800 | J6: =IF(ISERROR(INDEX($G$4:$T$4,MATCH(COLUMNS($G6:J6),$G$5:$T$5,0))),"",INDEX($G$4:$T$4,MATCH(COLUMNS($G6:J6),$G$5:$T$5,0))) -> SJ-250 | K6: =IF(ISERROR(INDEX($G$4:$T$4,MATCH(COLUMNS($G6:K6),$G$5:$T$5,0))),"",INDEX($G$4:$T$4,MATCH(COLUMNS($G6:K6),$G$5:$T$5,0))) -> Sun Tiger 4000 | L6: =IF(ISERROR(INDEX($G$4:$T$4,MATCH(COLUMNS($G6:L6),$G$5:$T$5,0))),"",INDEX($G$4:$T$4,MATCH(COLUMNS($G6:L6),$G$5:$T$5,0))) -> DC-250 | M6: =IF(ISERROR(INDEX($G$4:$T$4,MATCH(COLUMNS($G6:M6),$G$5:$T$5,0))),"",INDEX($G$4:$T$4,MATCH(COLUMNS($G6:M6),$G$5:$T$5,0))) -> DF-250 | N6: =IF(ISERROR(INDEX($G$4:$T$4,MATCH(COLUMNS($G6:N6),$G$5:$T$5,0))),"",INDEX($G$4:$T$4,MATCH(COLUMNS($G6:N6),$G$5:$T$5,0))) -> DE-250 | ... T6: =IF(ISERROR(INDEX($G$4:$T$4,MATCH(COLUMNS($G6:T6),$G$5:$T$5,0))),"",INDEX($G$4:$T$4,MATCH(COLUMNS($G6:T6),$G$5:$T$5,0))) -> Wheel XY
B7: =IF($C$4=SheetName02,InCellName02,InCellName01) -> Knife | C7: 001 ANV P200
B8: Jig selection | C8: SVM-45
B10: =IF($C$4=SheetName01,"Jig projection length X [mm]","Jig or Tool projection length X [mm]") -> Jig projection length X [mm] | C10: =IF($D$10=0,IF($C$8="", IF(AND($C$7<>"",NOT(ISERROR(MATCH($C$7,INDIRECT($C$4&"ListTable["&INDIRECT("$C$4")&"List]"),0)))), IF(INDEX(INDIRECT($C$4&"[Jig type]"),MATCH($C$7,INDIRECT($C$4&"ListTable["&INDIRECT("$C$4")&"List]"),0))="",IF(ISNUMBER(INDEX(INDIRECT($C$4&"[Jig proj. X]"),MATCH($C$7,INDIRECT($C$4&"ListTable["&INDIRECT("$C$4")&"List]"),0))),INDEX(INDIRECT($C$4&"[Jig proj. X]"),MATCH($C$7,INDIRECT($C$4&"ListTable["&INDIRECT("$C$4")&"List]"),0)),DefaultJPL),IF(NOT(ISERROR(MATCH(INDEX(INDIRECT($C$4&"[Jig type]"),MATCH($C$7,INDIRECT($C$4&"ListTable["&INDIRECT("$C$4")&"List]"),0)),Jigs!$D6:$D105,0))),IF(ISNUMBER(INDEX(Jigs!$H6:$H105,MATCH(INDEX(INDIRECT($C$4&"[Jig type]"),MATCH($C$7,INDIRECT($C$4&"ListTable["&INDIRECT("$C$4")&"List]"),0)),Jigs!$D6:$D105,0),0)),IF(INDEX(Jigs!$H6:$H105,MATCH(INDEX(INDIRECT($C$4&"[Jig type]"),MATCH($C$7,INDIRECT($C$4&"ListTable["&INDIRECT("$C$4")&"List]"),0)),Jigs!$D6:$D105,0),0)=0, IF(ISNUMBER(INDEX(INDIRECT($C$4&"[Jig proj. X]"),MATCH($C$7,INDIRECT($C$4&"ListTable["&INDIRECT("$C$4")&"List]"),0))),INDEX(INDIRECT($C$4&"[Jig proj. X]"),MATCH($C$7,INDIRECT($C$4&"ListTable["&INDIRECT("$C$4")&"List]"),0)),DefaultJPL),INDEX(Jigs!$H6:$H105,MATCH(INDEX(INDIRECT($C$4&"[Jig type]"),MATCH($C$7,INDIRECT($C$4&"ListTable["&INDIRECT("$C$4")&"List]"),0)),Jigs!$D6:$D105,0),0)+IF(ISNUMBER(INDEX(INDIRECT($C$4&"[Jig proj. X]"),MATCH($C$7,INDIRECT($C$4&"ListTable["&INDIRECT("$C$4")&"List]"),0))),INDEX(INDIRECT($C$4&"[Jig proj. X]"),MATCH($C$7,INDIRECT($C$4&"ListTable["&INDIRECT("$C$4")&"List]"),0)),DefaultJPL) ),DefaultJPL),DefaultJPL)),DefaultJPL), IF(NOT(ISERROR(MATCH($C$8,Jigs!$D6:$D105,0))),IF(AND(ISNUMBER(INDEX(Jigs!$H6:$H105,MATCH($C$8,Jigs!$D$6:$D$105,0))),INDEX(Jigs!$H6:$H105,MATCH($C$8,Jigs!$D$6:$D$105,0))<>0),INDEX(Jigs!$H6:$H105,MATCH($C$8,Jigs!$D$6:$D$105,0))+$D$10,IF(AND($C$7<>"",NOT(ISERROR(MATCH($C$7,INDIRECT($C$4&"ListTable["&INDIRECT("$C$4")&"List]"),0)))),IF(ISNUMBER(INDEX(INDIRECT($C$4&"[Jig proj. X]"),MATCH($C$7,INDIRECT($C$4&"ListTable["&INDIRECT("$C$4")&"List]"),0))),INDEX(INDIRECT($C$4&"[Jig proj. X]"),MATCH($C$7,INDIRECT($C$4&"ListTable["&INDIRECT("$C$4")&"List]"),0)),DefaultJPL),DefaultJPL)),DefaultJPL)), IF($C$8="",IF(ISNUMBER($D$10),IF($C$7="",$D$10,IF($C$4="",$D$10,IF(INDEX(INDIRECT($C$4&"[Jig type]"),MATCH($C$7,INDIRECT($C$4&"ListTable["&INDIRECT("$C$4")&"List]"),0))="",IF(ISNUMBER(INDEX(INDIRECT($C$4&"[Jig proj. X]"),MATCH($C$7,INDIRECT($C$4&"ListTable["&INDIRECT("$C$4")&"List]"),0))),INDEX(INDIRECT($C$4&"[Jig proj. X]"),MATCH($C$7,INDIRECT($C$4&"ListTable["&INDIRECT("$C$4")&"List]"),0)),DefaultJPL),IF(NOT(ISERROR(MATCH(INDEX(INDIRECT($C$4&"[Jig type]"),MATCH($C$7,INDIRECT($C$4&"ListTable["&INDIRECT("$C$4")&"List]"),0)),Jigs!$D6:$D105,0))),IF(ISNUMBER(INDEX(Jigs!$H6:$H105,MATCH(INDEX(INDIRECT($C$4&"[Jig type]"),MATCH($C$7,INDIRECT($C$4&"ListTable["&INDIRECT("$C$4")&"List]"),0)),Jigs!$D6:$D105,0),0)),IF(INDEX(Jigs!$H6:$H105,MATCH(INDEX(INDIRECT($C$4&"[Jig type]"),MATCH($C$7,INDIRECT($C$4&"ListTable["&INDIRECT("$C$4")&"List]"),0)),Jigs!$D6:$D105,0),0)=0,$D$10,INDEX(Jigs!$H6:$H105,MATCH(INDEX(INDIRECT($C$4&"[Jig type]"),MATCH($C$7,INDIRECT($C$4&"ListTable["&INDIRECT("$C$4")&"List]"),0)),Jigs!$D6:$D105,0),0)+$D$10),DefaultJPL), DefaultJPL)))),DefaultJPL),IF(NOT(ISERROR(MATCH($C$8,Jigs!$D6:$D105,0))),IF(AND(ISNUMBER(INDEX(Jigs!$H6:$H105,MATCH($C$8,Jigs!$D$6:$D$105,0))),INDEX(Jigs!$H6:$H105,MATCH($C$8,Jigs!$D$6:$D$105,0))<>0),INDEX(Jigs!$H6:$H105,MATCH($C$8,Jigs!$D$6:$D$105,0))+$D$10,$D$10),DefaultJPL))) -> 138 | F10: Grit | G10: 220 | H10: 220 | I10: 800 | J10: 4000 | K10: 4000 | L10: 360 | M10: 600 | N10: 1200 | O10: - | P10: - | Q10: - | R10: - | S10: - | T10: 80
B11: Grinding angle Δ [°] | C11: =IF($D$11=0,IF(AND($C$7<>"",NOT(ISERROR(MATCH($C$7,INDIRECT($C$4&"ListTable["&INDIRECT("$C$4")&"List]"),0)))),IF(ISNUMBER(INDEX(INDIRECT($C$4&"[Grinded]"),MATCH($C$7,INDIRECT($C$4&"ListTable["&INDIRECT("$C$4")&"List]"),0))),INDEX(INDIRECT($C$4&"[Grinded]"),MATCH($C$7,INDIRECT($C$4&"ListTable["&INDIRECT("$C$4")&"List]"),0)),DefaultGA),DefaultGA),$D$11) -> 20 | F11: Nominal diameter | G11: 250 | H11: 250 | I11: 254 | J11: 250 | K11: 254 | L11: 250 | M11: 250 | N11: 250 | O11: 220 | P11: 220 | Q11: 220 | R11: - | S11: - | T11: 200
B12: Jig or Tool diameter M [mm] | C12: =IF($D$12=0,IF(C8="",IF(AND($C$7<>"",NOT(ISERROR(MATCH($C$7,INDIRECT($C$4&"ListTable["&INDIRECT("$C$4")&"List]"),0)))),IF(ISNUMBER(MATCH(INDEX(INDIRECT($C$4&"[Jig type]"),MATCH($C$7,INDIRECT($C$4&"ListTable["&INDIRECT("$C$4")&"List]"),0)),JigListsTable[JigsToolsNC],0)),NotAvailable,IF(ISNUMBER(INDEX(INDIRECT($C$4&"[Jig dia M]"),MATCH($C$7,INDIRECT($C$4&"ListTable["&INDIRECT("$C$4")&"List]"),0))),INDEX(INDIRECT($C$4&"[Jig dia M]"),MATCH($C$7,INDIRECT($C$4&"ListTable["&INDIRECT("$C$4")&"List]"),0)),IF($C$4=SheetName02,DefaultTJD,DefaultKJD))),IF($C$4=SheetName02,DefaultTJD,DefaultKJD)),IF(NOT(ISERROR(MATCH($C$8,Jigs!$D6:$D105,0))),IF(AND(ISNUMBER(INDEX(Jigs!$F6:$F105,MATCH($C$8,Jigs!$D$6:$D$105,0))),INDEX(Jigs!$F6:$F105,MATCH($C$8,Jigs!$D$6:$D$105,0))>0),INDEX(Jigs!$F6:$F105,MATCH($C$8,Jigs!$D$6:$D$105,0)),IF($C$4=SheetName02,DefaultTJD,DefaultKJD)),IF($C$4=SheetName02,DefaultTJD,DefaultKJD))),$D$12) -> 12 | F12: Real diameter D [mm] | G12: 250 | H12: 249 | I12: 253.5 | J12: 248.5 | K12: 254 | L12: 250 | M12: 250 | N12: 250 | O12: 215 | P12: 214.5 | Q12: 214.8 | R12: 250 | S12: 250 | T12: 195
B13: Frontal vertical base offset F [mm] | C13: =IF(OR($D$13<Min_FVB_Distance,ISTEXT($D$13)),DefaultFVBDistance,$D$13) -> 24.5 | F13: Machine | M13: Machine 1 | N13: Machine 2 | T13: Machine 3
B14: =IF(AND($C$7<>"",NOT(ISERROR(MATCH($C$7,INDIRECT($C$4&"ListTable["&INDIRECT("$C$4")&"List]"),0)))), IF($C$4=SheetName01,"Last used jig | Clamping from Guard / Spine [mm]",IF($C$4=SheetName02,"Last used jig | Clamping from Jig / Side [mm]","")),"") -> Last used jig | Clamping from Guard / Spine [mm] | C14: =IF(AND($C$7<>"",NOT(ISERROR(MATCH($C$7,INDIRECT($C$4&"ListTable["&INDIRECT("$C$4")&"List]"),0)))),IF(INDEX(INDIRECT($C$4&"[Jig type]"),MATCH($C$7,INDIRECT($C$4&"ListTable["&INDIRECT("$C$4")&"List]"),0))<>"",INDEX(INDIRECT($C$4&"[Jig type]"),MATCH($C$7,INDIRECT($C$4&"ListTable["&INDIRECT("$C$4")&"List]"),0)),NotAvailable),"") -> SVM-45 E | D14: =IF(AND($C$7<>"",NOT(ISERROR(MATCH($C$7,INDIRECT($C$4&"ListTable["&INDIRECT("$C$4")&"List]"),0)))),IF(INDEX(INDIRECT($C$4&"[from G]"),MATCH($C$7,INDIRECT($C$4&"ListTable["&INDIRECT("$C$4")&"List]"),0))<>"",TEXT(INDEX(INDIRECT($C$4&"[from G]"),MATCH($C$7,INDIRECT($C$4&"ListTable["&INDIRECT("$C$4")&"List]"),0)),"0,0"),"?")&" / "&IF(INDEX(INDIRECT($C$4&"[from S]"),MATCH($C$7,INDIRECT($C$4&"ListTable["&INDIRECT("$C$4")&"List]"),0))<>"",TEXT(INDEX(INDIRECT($C$4&"[from S]"),MATCH($C$7,INDIRECT($C$4&"ListTable["&INDIRECT("$C$4")&"List]"),0)),"0,0"),"?"),"") -> 4,0 / 11,5
B15: =IF(AND($C$7<>"",NOT(ISERROR(MATCH($C$7,INDIRECT($C$4&"ListTable["&INDIRECT("$C$4")&"List]"),0)))), IF(INDEX(INDIRECT($C$4&"[Jig setting]"),MATCH($C$7,INDIRECT($C$4&"ListTable["&INDIRECT("$C$4")&"List]"),0))<>"","Last jig setting",""),"") | C15: =IF(AND($C$7<>"",NOT(ISERROR(MATCH($C$7,INDIRECT($C$4&"ListTable["&INDIRECT("$C$4")&"List]"),0)))), IF(INDEX(INDIRECT($C$4&"[Jig setting]"),MATCH($C$7,INDIRECT($C$4&"ListTable["&INDIRECT("$C$4")&"List]"),0))<>"",TEXT(INDEX(INDIRECT($C$4&"[Jig setting]"),MATCH($C$7,INDIRECT($C$4&"ListTable["&INDIRECT("$C$4")&"List]"),0)),"0"),""),"") | F15: T USB [mm] | G15: =IF(G13="",IF(ISERROR(SQRT(VariableCG^2+(G12/2)^2+2*VariableCG*(G12/2)*SIN(RADIANS(VariableGA-VariableDK)))+VariableUSBDia/2-(G12/2)),"-",IF(SQRT(VariableCG^2+(G12/2)^2+2*VariableCG*(G12/2)*SIN(RADIANS(VariableGA-VariableDK)))+VariableUSBDia/2-(G12/2)<0,"-",SQRT(VariableCG^2+(G12/2)^2+2*VariableCG*(G12/2)*SIN(RADIANS(VariableGA-VariableDK)))+VariableUSBDia/2-(G12/2))),IF(OR(ISERROR(SQRT(VLOOKUP(MachinesCG,Machines[],MATCH(G13,Machines[#Headers],0),FALSE)^2+(G12/2)^2+2*VLOOKUP(MachinesCG,Machines[],MATCH(G13,Machines[#Headers],0),FALSE)*(G12/2)*SIN(RADIANS(VariableGA-VLOOKUP(MachinesAO,Machines[],MATCH(G13,Machines[#Headers],0),FALSE))))+VLOOKUP(MachinesUSBDia,Machines[],MATCH(G13,Machines[#Headers],0),FALSE)/2-(G12/2)),NOT(ISNUMBER(VLOOKUP(MachinesUSBDia,Machines[],MATCH(G13,Machines[#Headers],0),FALSE)))),"-",IF(SQRT(VLOOKUP(MachinesCG,Machines[],MATCH(G13,Machines[#Headers],0),FALSE)^2+(G12/2)^2+2*VLOOKUP(MachinesCG,Machines[],MATCH(G13,Machines[#Headers],0),FALSE)*(G12/2)*SIN(RADIANS(VariableGA-VLOOKUP(MachinesAO,Machines[],MATCH(G13,Machines[#Headers],0),FALSE))))+VLOOKUP(MachinesUSBDia,Machines[],MATCH(G13,Machines[#Headers],0),FALSE)/2-(G12/2)<0,"-",SQRT(VLOOKUP(MachinesCG,Machines[],MATCH(G13,Machines[#Headers],0),FALSE)^2+(G12/2)^2+2*VLOOKUP(MachinesCG,Machines[],MATCH(G13,Machines[#Headers],0),FALSE)*(G12/2)*SIN(RADIANS(VariableGA-VLOOKUP(MachinesAO,Machines[],MATCH(G13,Machines[#Headers],0),FALSE))))+VLOOKUP(MachinesUSBDia,Machines[],MATCH(G13,Machines[#Headers],0),FALSE)/2-(G12/2)))) -> 85.109252 | H15: =IF(H13="",IF(ISERROR(SQRT(VariableCG^2+(H12/2)^2+2*VariableCG*(H12/2)*SIN(RADIANS(VariableGA-VariableDK)))+VariableUSBDia/2-(H12/2)),"-",IF(SQRT(VariableCG^2+(H12/2)^2+2*VariableCG*(H12/2)*SIN(RADIANS(VariableGA-VariableDK)))+VariableUSBDia/2-(H12/2)<0,"-",SQRT(VariableCG^2+(H12/2)^2+2*VariableCG*(H12/2)*SIN(RADIANS(VariableGA-VariableDK)))+VariableUSBDia/2-(H12/2))),IF(OR(ISERROR(SQRT(VLOOKUP(MachinesCG,Machines[],MATCH(H13,Machines[#Headers],0),FALSE)^2+(H12/2)^2+2*VLOOKUP(MachinesCG,Machines[],MATCH(H13,Machines[#Headers],0),FALSE)*(H12/2)*SIN(RADIANS(VariableGA-VLOOKUP(MachinesAO,Machines[],MATCH(H13,Machines[#Headers],0),FALSE))))+VLOOKUP(MachinesUSBDia,Machines[],MATCH(H13,Machines[#Headers],0),FALSE)/2-(H12/2)),NOT(ISNUMBER(VLOOKUP(MachinesUSBDia,Machines[],MATCH(H13,Machines[#Headers],0),FALSE)))),"-",IF(SQRT(VLOOKUP(MachinesCG,Machines[],MATCH(H13,Machines[#Headers],0),FALSE)^2+(H12/2)^2+2*VLOOKUP(MachinesCG,Machines[],MATCH(H13,Machines[#Headers],0),FALSE)*(H12/2)*SIN(RADIANS(VariableGA-VLOOKUP(MachinesAO,Machines[],MATCH(H13,Machines[#Headers],0),FALSE))))+VLOOKUP(MachinesUSBDia,Machines[],MATCH(H13,Machines[#Headers],0),FALSE)/2-(H12/2)<0,"-",SQRT(VLOOKUP(MachinesCG,Machines[],MATCH(H13,Machines[#Headers],0),FALSE)^2+(H12/2)^2+2*VLOOKUP(MachinesCG,Machines[],MATCH(H13,Machines[#Headers],0),FALSE)*(H12/2)*SIN(RADIANS(VariableGA-VLOOKUP(MachinesAO,Machines[],MATCH(H13,Machines[#Headers],0),FALSE))))+VLOOKUP(MachinesUSBDia,Machines[],MATCH(H13,Machines[#Headers],0),FALSE)/2-(H12/2)))) -> 85.220314 | I15: =IF(I13="",IF(ISERROR(SQRT(VariableCG^2+(I12/2)^2+2*VariableCG*(I12/2)*SIN(RADIANS(VariableGA-VariableDK)))+VariableUSBDia/2-(I12/2)),"-",IF(SQRT(VariableCG^2+(I12/2)^2+2*VariableCG*(I12/2)*SIN(RADIANS(VariableGA-VariableDK)))+VariableUSBDia/2-(I12/2)<0,"-",SQRT(VariableCG^2+(I12/2)^2+2*VariableCG*(I12/2)*SIN(RADIANS(VariableGA-VariableDK)))+VariableUSBDia/2-(I12/2))),IF(OR(ISERROR(SQRT(VLOOKUP(MachinesCG,Machines[],MATCH(I13,Machines[#Headers],0),FALSE)^2+(I12/2)^2+2*VLOOKUP(MachinesCG,Machines[],MATCH(I13,Machines[#Headers],0),FALSE)*(I12/2)*SIN(RADIANS(VariableGA-VLOOKUP(MachinesAO,Machines[],MATCH(I13,Machines[#Headers],0),FALSE))))+VLOOKUP(MachinesUSBDia,Machines[],MATCH(I13,Machines[#Headers],0),FALSE)/2-(I12/2)),NOT(ISNUMBER(VLOOKUP(MachinesUSBDia,Machines[],MATCH(I13,Machines[#Headers],0),FALSE)))),"-",IF(SQRT(VLOOKUP(MachinesCG,Machines[],MATCH(I13,Machines[#Headers],0),FALSE)^2+(I12/2)^2+2*VLOOKUP(MachinesCG,Machines[],MATCH(I13,Machines[#Headers],0),FALSE)*(I12/2)*SIN(RADIANS(VariableGA-VLOOKUP(MachinesAO,Machines[],MATCH(I13,Machines[#Headers],0),FALSE))))+VLOOKUP(MachinesUSBDia,Machines[],MATCH(I13,Machines[#Headers],0),FALSE)/2-(I12/2)<0,"-",SQRT(VLOOKUP(MachinesCG,Machines[],MATCH(I13,Machines[#Headers],0),FALSE)^2+(I12/2)^2+2*VLOOKUP(MachinesCG,Machines[],MATCH(I13,Machines[#Headers],0),FALSE)*(I12/2)*SIN(RADIANS(VariableGA-VLOOKUP(MachinesAO,Machines[],MATCH(I13,Machines[#Headers],0),FALSE))))+VLOOKUP(MachinesUSBDia,Machines[],MATCH(I13,Machines[#Headers],0),FALSE)/2-(I12/2)))) -> 84.724319 | J15: =IF(J13="",IF(ISERROR(SQRT(VariableCG^2+(J12/2)^2+2*VariableCG*(J12/2)*SIN(RADIANS(VariableGA-VariableDK)))+VariableUSBDia/2-(J12/2)),"-",IF(SQRT(VariableCG^2+(J12/2)^2+2*VariableCG*(J12/2)*SIN(RADIANS(VariableGA-VariableDK)))+VariableUSBDia/2-(J12/2)<0,"-",SQRT(VariableCG^2+(J12/2)^2+2*VariableCG*(J12/2)*SIN(RADIANS(VariableGA-VariableDK)))+VariableUSBDia/2-(J12/2))),IF(OR(ISERROR(SQRT(VLOOKUP(MachinesCG,Machines[],MATCH(J13,Machines[#Headers],0),FALSE)^2+(J12/2)^2+2*VLOOKUP(MachinesCG,Machines[],MATCH(J13,Machines[#Headers],0),FALSE)*(J12/2)*SIN(RADIANS(VariableGA-VLOOKUP(MachinesAO,Machines[],MATCH(J13,Machines[#Headers],0),FALSE))))+VLOOKUP(MachinesUSBDia,Machines[],MATCH(J13,Machines[#Headers],0),FALSE)/2-(J12/2)),NOT(ISNUMBER(VLOOKUP(MachinesUSBDia,Machines[],MATCH(J13,Machines[#Headers],0),FALSE)))),"-",IF(SQRT(VLOOKUP(MachinesCG,Machines[],MATCH(J13,Machines[#Headers],0),FALSE)^2+(J12/2)^2+2*VLOOKUP(MachinesCG,Machines[],MATCH(J13,Machines[#Headers],0),FALSE)*(J12/2)*SIN(RADIANS(VariableGA-VLOOKUP(MachinesAO,Machines[],MATCH(J13,Machines[#Headers],0),FALSE))))+VLOOKUP(MachinesUSBDia,Machines[],MATCH(J13,Machines[#Headers],0),FALSE)/2-(J12/2)<0,"-",SQRT(VLOOKUP(MachinesCG,Machines[],MATCH(J13,Machines[#Headers],0),FALSE)^2+(J12/2)^2+2*VLOOKUP(MachinesCG,Machines[],MATCH(J13,Machines[#Headers],0),FALSE)*(J12/2)*SIN(RADIANS(VariableGA-VLOOKUP(MachinesAO,Machines[],MATCH(J13,Machines[#Headers],0),FALSE))))+VLOOKUP(MachinesUSBDia,Machines[],MATCH(J13,Machines[#Headers],0),FALSE)/2-(J12/2)))) -> 85.276027 | K15: =IF(K13="",IF(ISERROR(SQRT(VariableCG^2+(K12/2)^2+2*VariableCG*(K12/2)*SIN(RADIANS(VariableGA-VariableDK)))+VariableUSBDia/2-(K12/2)),"-",IF(SQRT(VariableCG^2+(K12/2)^2+2*VariableCG*(K12/2)*SIN(RADIANS(VariableGA-VariableDK)))+VariableUSBDia/2-(K12/2)<0,"-",SQRT(VariableCG^2+(K12/2)^2+2*VariableCG*(K12/2)*SIN(RADIANS(VariableGA-VariableDK)))+VariableUSBDia/2-(K12/2))),IF(OR(ISERROR(SQRT(VLOOKUP(MachinesCG,Machines[],MATCH(K13,Machines[#Headers],0),FALSE)^2+(K12/2)^2+2*VLOOKUP(MachinesCG,Machines[],MATCH(K13,Machines[#Headers],0),FALSE)*(K12/2)*SIN(RADIANS(VariableGA-VLOOKUP(MachinesAO,Machines[],MATCH(K13,Machines[#Headers],0),FALSE))))+VLOOKUP(MachinesUSBDia,Machines[],MATCH(K13,Machines[#Headers],0),FALSE)/2-(K12/2)),NOT(ISNUMBER(VLOOKUP(MachinesUSBDia,Machines[],MATCH(K13,Machines[#Headers],0),FALSE)))),"-",IF(SQRT(VLOOKUP(MachinesCG,Machines[],MATCH(K13,Machines[#Headers],0),FALSE)^2+(K12/2)^2+2*VLOOKUP(MachinesCG,Machines[],MATCH(K13,Machines[#Headers],0),FALSE)*(K12/2)*SIN(RADIANS(VariableGA-VLOOKUP(MachinesAO,Machines[],MATCH(K13,Machines[#Headers],0),FALSE))))+VLOOKUP(MachinesUSBDia,Machines[],MATCH(K13,Machines[#Headers],0),FALSE)/2-(K12/2)<0,"-",SQRT(VLOOKUP(MachinesCG,Machines[],MATCH(K13,Machines[#Headers],0),FALSE)^2+(K12/2)^2+2*VLOOKUP(MachinesCG,Machines[],MATCH(K13,Machines[#Headers],0),FALSE)*(K12/2)*SIN(RADIANS(VariableGA-VLOOKUP(MachinesAO,Machines[],MATCH(K13,Machines[#Headers],0),FALSE))))+VLOOKUP(MachinesUSBDia,Machines[],MATCH(K13,Machines[#Headers],0),FALSE)/2-(K12/2)))) -> 84.669804 | L15: =IF(L13="",IF(ISERROR(SQRT(VariableCG^2+(L12/2)^2+2*VariableCG*(L12/2)*SIN(RADIANS(VariableGA-VariableDK)))+VariableUSBDia/2-(L12/2)),"-",IF(SQRT(VariableCG^2+(L12/2)^2+2*VariableCG*(L12/2)*SIN(RADIANS(VariableGA-VariableDK)))+VariableUSBDia/2-(L12/2)<0,"-",SQRT(VariableCG^2+(L12/2)^2+2*VariableCG*(L12/2)*SIN(RADIANS(VariableGA-VariableDK)))+VariableUSBDia/2-(L12/2))),IF(OR(ISERROR(SQRT(VLOOKUP(MachinesCG,Machines[],MATCH(L13,Machines[#Headers],0),FALSE)^2+(L12/2)^2+2*VLOOKUP(MachinesCG,Machines[],MATCH(L13,Machines[#Headers],0),FALSE)*(L12/2)*SIN(RADIANS(VariableGA-VLOOKUP(MachinesAO,Machines[],MATCH(L13,Machines[#Headers],0),FALSE))))+VLOOKUP(MachinesUSBDia,Machines[],MATCH(L13,Machines[#Headers],0),FALSE)/2-(L12/2)),NOT(ISNUMBER(VLOOKUP(MachinesUSBDia,Machines[],MATCH(L13,Machines[#Headers],0),FALSE)))),"-",IF(SQRT(VLOOKUP(MachinesCG,Machines[],MATCH(L13,Machines[#Headers],0),FALSE)^2+(L12/2)^2+2*VLOOKUP(MachinesCG,Machines[],MATCH(L13,Machines[#Headers],0),FALSE)*(L12/2)*SIN(RADIANS(VariableGA-VLOOKUP(MachinesAO,Machines[],MATCH(L13,Machines[#Headers],0),FALSE))))+VLOOKUP(MachinesUSBDia,Machines[],MATCH(L13,Machines[#Headers],0),FALSE)/2-(L12/2)<0,"-",SQRT(VLOOKUP(MachinesCG,Machines[],MATCH(L13,Machines[#Headers],0),FALSE)^2+(L12/2)^2+2*VLOOKUP(MachinesCG,Machines[],MATCH(L13,Machines[#Headers],0),FALSE)*(L12/2)*SIN(RADIANS(VariableGA-VLOOKUP(MachinesAO,Machines[],MATCH(L13,Machines[#Headers],0),FALSE))))+VLOOKUP(MachinesUSBDia,Machines[],MATCH(L13,Machines[#Headers],0),FALSE)/2-(L12/2)))) -> 85.109252 | M15: =IF(M13="",IF(ISERROR(SQRT(VariableCG^2+(M12/2)^2+2*VariableCG*(M12/2)*SIN(RADIANS(VariableGA-VariableDK)))+VariableUSBDia/2-(M12/2)),"-",IF(SQRT(VariableCG^2+(M12/2)^2+2*VariableCG*(M12/2)*SIN(RADIANS(VariableGA-VariableDK)))+VariableUSBDia/2-(M12/2)<0,"-",SQRT(VariableCG^2+(M12/2)^2+2*VariableCG*(M12/2)*SIN(RADIANS(VariableGA-VariableDK)))+VariableUSBDia/2-(M12/2))),IF(OR(ISERROR(SQRT(VLOOKUP(MachinesCG,Machines[],MATCH(M13,Machines[#Headers],0),FALSE)^2+(M12/2)^2+2*VLOOKUP(MachinesCG,Machines[],MATCH(M13,Machines[#Headers],0),FALSE)*(M12/2)*SIN(RADIANS(VariableGA-VLOOKUP(MachinesAO,Machines[],MATCH(M13,Machines[#Headers],0),FALSE))))+VLOOKUP(MachinesUSBDia,Machines[],MATCH(M13,Machines[#Headers],0),FALSE)/2-(M12/2)),NOT(ISNUMBER(VLOOKUP(MachinesUSBDia,Machines[],MATCH(M13,Machines[#Headers],0),FALSE)))),"-",IF(SQRT(VLOOKUP(MachinesCG,Machines[],MATCH(M13,Machines[#Headers],0),FALSE)^2+(M12/2)^2+2*VLOOKUP(MachinesCG,Machines[],MATCH(M13,Machines[#Headers],0),FALSE)*(M12/2)*SIN(RADIANS(VariableGA-VLOOKUP(MachinesAO,Machines[],MATCH(M13,Machines[#Headers],0),FALSE))))+VLOOKUP(MachinesUSBDia,Machines[],MATCH(M13,Machines[#Headers],0),FALSE)/2-(M12/2)<0,"-",SQRT(VLOOKUP(MachinesCG,Machines[],MATCH(M13,Machines[#Headers],0),FALSE)^2+(M12/2)^2+2*VLOOKUP(MachinesCG,Machines[],MATCH(M13,Machines[#Headers],0),FALSE)*(M12/2)*SIN(RADIANS(VariableGA-VLOOKUP(MachinesAO,Machines[],MATCH(M13,Machines[#Headers],0),FALSE))))+VLOOKUP(MachinesUSBDia,Machines[],MATCH(M13,Machines[#Headers],0),FALSE)/2-(M12/2)))) -> 85.109252 | N15: =IF(N13="",IF(ISERROR(SQRT(VariableCG^2+(N12/2)^2+2*VariableCG*(N12/2)*SIN(RADIANS(VariableGA-VariableDK)))+VariableUSBDia/2-(N12/2)),"-",IF(SQRT(VariableCG^2+(N12/2)^2+2*VariableCG*(N12/2)*SIN(RADIANS(VariableGA-VariableDK)))+VariableUSBDia/2-(N12/2)<0,"-",SQRT(VariableCG^2+(N12/2)^2+2*VariableCG*(N12/2)*SIN(RADIANS(VariableGA-VariableDK)))+VariableUSBDia/2-(N12/2))),IF(OR(ISERROR(SQRT(VLOOKUP(MachinesCG,Machines[],MATCH(N13,Machines[#Headers],0),FALSE)^2+(N12/2)^2+2*VLOOKUP(MachinesCG,Machines[],MATCH(N13,Machines[#Headers],0),FALSE)*(N12/2)*SIN(RADIANS(VariableGA-VLOOKUP(MachinesAO,Machines[],MATCH(N13,Machines[#Headers],0),FALSE))))+VLOOKUP(MachinesUSBDia,Machines[],MATCH(N13,Machines[#Headers],0),FALSE)/2-(N12/2)),NOT(ISNUMBER(VLOOKUP(MachinesUSBDia,Machines[],MATCH(N13,Machines[#Headers],0),FALSE)))),"-",IF(SQRT(VLOOKUP(MachinesCG,Machines[],MATCH(N13,Machines[#Headers],0),FALSE)^2+(N12/2)^2+2*VLOOKUP(MachinesCG,Machines[],MATCH(N13,Machines[#Headers],0),FALSE)*(N12/2)*SIN(RADIANS(VariableGA-VLOOKUP(MachinesAO,Machines[],MATCH(N13,Machines[#Headers],0),FALSE))))+VLOOKUP(MachinesUSBDia,Machines[],MATCH(N13,Machines[#Headers],0),FALSE)/2-(N12/2)<0,"-",SQRT(VLOOKUP(MachinesCG,Machines[],MATCH(N13,Machines[#Headers],0),FALSE)^2+(N12/2)^2+2*VLOOKUP(MachinesCG,Machines[],MATCH(N13,Machines[#Headers],0),FALSE)*(N12/2)*SIN(RADIANS(VariableGA-VLOOKUP(MachinesAO,Machines[],MATCH(N13,Machines[#Headers],0),FALSE))))+VLOOKUP(MachinesUSBDia,Machines[],MATCH(N13,Machines[#Headers],0),FALSE)/2-(N12/2)))) -> 85.109252 | ... T15: =IF(T13="",IF(ISERROR(SQRT(VariableCG^2+(T12/2)^2+2*VariableCG*(T12/2)*SIN(RADIANS(VariableGA-VariableDK)))+VariableUSBDia/2-(T12/2)),"-",IF(SQRT(VariableCG^2+(T12/2)^2+2*VariableCG*(T12/2)*SIN(RADIANS(VariableGA-VariableDK)))+VariableUSBDia/2-(T12/2)<0,"-",SQRT(VariableCG^2+(T12/2)^2+2*VariableCG*(T12/2)*SIN(RADIANS(VariableGA-VariableDK)))+VariableUSBDia/2-(T12/2))),IF(OR(ISERROR(SQRT(VLOOKUP(MachinesCG,Machines[],MATCH(T13,Machines[#Headers],0),FALSE)^2+(T12/2)^2+2*VLOOKUP(MachinesCG,Machines[],MATCH(T13,Machines[#Headers],0),FALSE)*(T12/2)*SIN(RADIANS(VariableGA-VLOOKUP(MachinesAO,Machines[],MATCH(T13,Machines[#Headers],0),FALSE))))+VLOOKUP(MachinesUSBDia,Machines[],MATCH(T13,Machines[#Headers],0),FALSE)/2-(T12/2)),NOT(ISNUMBER(VLOOKUP(MachinesUSBDia,Machines[],MATCH(T13,Machines[#Headers],0),FALSE)))),"-",IF(SQRT(VLOOKUP(MachinesCG,Machines[],MATCH(T13,Machines[#Headers],0),FALSE)^2+(T12/2)^2+2*VLOOKUP(MachinesCG,Machines[],MATCH(T13,Machines[#Headers],0),FALSE)*(T12/2)*SIN(RADIANS(VariableGA-VLOOKUP(MachinesAO,Machines[],MATCH(T13,Machines[#Headers],0),FALSE))))+VLOOKUP(MachinesUSBDia,Machines[],MATCH(T13,Machines[#Headers],0),FALSE)/2-(T12/2)<0,"-",SQRT(VLOOKUP(MachinesCG,Machines[],MATCH(T13,Machines[#Headers],0),FALSE)^2+(T12/2)^2+2*VLOOKUP(MachinesCG,Machines[],MATCH(T13,Machines[#Headers],0),FALSE)*(T12/2)*SIN(RADIANS(VariableGA-VLOOKUP(MachinesAO,Machines[],MATCH(T13,Machines[#Headers],0),FALSE))))+VLOOKUP(MachinesUSBDia,Machines[],MATCH(T13,Machines[#Headers],0),FALSE)/2-(T12/2)))) -> 92.018304
B16: Universal support bar (USB) diameter U [mm] | C16: =IF(OR($D$16=0,ISTEXT($D$16)),DefaultUSBDia,$D$16) -> 12
B17: Constant HV - Vertical USB [mm] | C17: =IF(OR($D$17=0,ISTEXT($D$17)),DefaultConstantHV,$D$17) -> 49.9 | F17: Height VUSB [mm] | G17: =IF(G13="",IF(ISERROR(SQRT(((G12/2)+(G$15-VariableUSBDia/2))^2-ConstantHV^2)-ConstantVV+VariableUSBDia/2),"-",IF(SQRT(((G12/2)+(G$15-VariableUSBDia/2))^2-ConstantHV^2)-ConstantVV+VariableUSBDia/2<0,"-", SQRT(((G12/2)+(G$15-VariableUSBDia/2))^2-ConstantHV^2)-ConstantVV+VariableUSBDia/2)),IF(OR(ISERROR(SQRT(((G12/2)+(G$15-VLOOKUP(MachinesUSBDia,Machines[],MATCH(G13,Machines[#Headers],0),FALSE)/2))^2-VLOOKUP(MachinesConstantHV,Machines[],MATCH(G13,Machines[#Headers],0),FALSE)^2)-VLOOKUP(MachinesConstantVV,Machines[],MATCH(G13,Machines[#Headers],0),FALSE)+VLOOKUP(MachinesUSBDia,Machines[],MATCH(G13,Machines[#Headers],0),FALSE)/2),NOT(ISNUMBER(VLOOKUP(MachinesConstantHV,Machines[],MATCH(G13,Machines[#Headers],0),FALSE))),NOT(ISNUMBER(VLOOKUP(MachinesConstantVV,Machines[],MATCH(G13,Machines[#Headers],0),FALSE)))),"-",IF(SQRT(((G12/2)+(G$15-VLOOKUP(MachinesUSBDia,Machines[],MATCH(G13,Machines[#Headers],0),FALSE)/2))^2-VLOOKUP(MachinesConstantHV,Machines[],MATCH(G13,Machines[#Headers],0),FALSE)^2)-VLOOKUP(MachinesConstantVV,Machines[],MATCH(G13,Machines[#Headers],0),FALSE)+VLOOKUP(MachinesUSBDia,Machines[],MATCH(G13,Machines[#Headers],0),FALSE)/2<0,"-", SQRT(((G12/2)+(G$15-VLOOKUP(MachinesUSBDia,Machines[],MATCH(G13,Machines[#Headers],0),FALSE)/2))^2-VLOOKUP(MachinesConstantHV,Machines[],MATCH(G13,Machines[#Headers],0),FALSE)^2)-VLOOKUP(MachinesConstantVV,Machines[],MATCH(G13,Machines[#Headers],0),FALSE)+VLOOKUP(MachinesUSBDia,Machines[],MATCH(G13,Machines[#Headers],0),FALSE)/2))) -> 175.21558 | H17: =IF(H13="",IF(ISERROR(SQRT(((H12/2)+(H$15-VariableUSBDia/2))^2-ConstantHV^2)-ConstantVV+VariableUSBDia/2),"-",IF(SQRT(((H12/2)+(H$15-VariableUSBDia/2))^2-ConstantHV^2)-ConstantVV+VariableUSBDia/2<0,"-", SQRT(((H12/2)+(H$15-VariableUSBDia/2))^2-ConstantHV^2)-ConstantVV+VariableUSBDia/2)),IF(OR(ISERROR(SQRT(((H12/2)+(H$15-VLOOKUP(MachinesUSBDia,Machines[],MATCH(H13,Machines[#Headers],0),FALSE)/2))^2-VLOOKUP(MachinesConstantHV,Machines[],MATCH(H13,Machines[#Headers],0),FALSE)^2)-VLOOKUP(MachinesConstantVV,Machines[],MATCH(H13,Machines[#Headers],0),FALSE)+VLOOKUP(MachinesUSBDia,Machines[],MATCH(H13,Machines[#Headers],0),FALSE)/2),NOT(ISNUMBER(VLOOKUP(MachinesConstantHV,Machines[],MATCH(H13,Machines[#Headers],0),FALSE))),NOT(ISNUMBER(VLOOKUP(MachinesConstantVV,Machines[],MATCH(H13,Machines[#Headers],0),FALSE)))),"-",IF(SQRT(((H12/2)+(H$15-VLOOKUP(MachinesUSBDia,Machines[],MATCH(H13,Machines[#Headers],0),FALSE)/2))^2-VLOOKUP(MachinesConstantHV,Machines[],MATCH(H13,Machines[#Headers],0),FALSE)^2)-VLOOKUP(MachinesConstantVV,Machines[],MATCH(H13,Machines[#Headers],0),FALSE)+VLOOKUP(MachinesUSBDia,Machines[],MATCH(H13,Machines[#Headers],0),FALSE)/2<0,"-", SQRT(((H12/2)+(H$15-VLOOKUP(MachinesUSBDia,Machines[],MATCH(H13,Machines[#Headers],0),FALSE)/2))^2-VLOOKUP(MachinesConstantHV,Machines[],MATCH(H13,Machines[#Headers],0),FALSE)^2)-VLOOKUP(MachinesConstantVV,Machines[],MATCH(H13,Machines[#Headers],0),FALSE)+VLOOKUP(MachinesUSBDia,Machines[],MATCH(H13,Machines[#Headers],0),FALSE)/2))) -> 174.81445 | I17: =IF(I13="",IF(ISERROR(SQRT(((I12/2)+(I$15-VariableUSBDia/2))^2-ConstantHV^2)-ConstantVV+VariableUSBDia/2),"-",IF(SQRT(((I12/2)+(I$15-VariableUSBDia/2))^2-ConstantHV^2)-ConstantVV+VariableUSBDia/2<0,"-", SQRT(((I12/2)+(I$15-VariableUSBDia/2))^2-ConstantHV^2)-ConstantVV+VariableUSBDia/2)),IF(OR(ISERROR(SQRT(((I12/2)+(I$15-VLOOKUP(MachinesUSBDia,Machines[],MATCH(I13,Machines[#Headers],0),FALSE)/2))^2-VLOOKUP(MachinesConstantHV,Machines[],MATCH(I13,Machines[#Headers],0),FALSE)^2)-VLOOKUP(MachinesConstantVV,Machines[],MATCH(I13,Machines[#Headers],0),FALSE)+VLOOKUP(MachinesUSBDia,Machines[],MATCH(I13,Machines[#Headers],0),FALSE)/2),NOT(ISNUMBER(VLOOKUP(MachinesConstantHV,Machines[],MATCH(I13,Machines[#Headers],0),FALSE))),NOT(ISNUMBER(VLOOKUP(MachinesConstantVV,Machines[],MATCH(I13,Machines[#Headers],0),FALSE)))),"-",IF(SQRT(((I12/2)+(I$15-VLOOKUP(MachinesUSBDia,Machines[],MATCH(I13,Machines[#Headers],0),FALSE)/2))^2-VLOOKUP(MachinesConstantHV,Machines[],MATCH(I13,Machines[#Headers],0),FALSE)^2)-VLOOKUP(MachinesConstantVV,Machines[],MATCH(I13,Machines[#Headers],0),FALSE)+VLOOKUP(MachinesUSBDia,Machines[],MATCH(I13,Machines[#Headers],0),FALSE)/2<0,"-", SQRT(((I12/2)+(I$15-VLOOKUP(MachinesUSBDia,Machines[],MATCH(I13,Machines[#Headers],0),FALSE)/2))^2-VLOOKUP(MachinesConstantHV,Machines[],MATCH(I13,Machines[#Headers],0),FALSE)^2)-VLOOKUP(MachinesConstantVV,Machines[],MATCH(I13,Machines[#Headers],0),FALSE)+VLOOKUP(MachinesUSBDia,Machines[],MATCH(I13,Machines[#Headers],0),FALSE)/2))) -> 176.62307 | J17: =IF(J13="",IF(ISERROR(SQRT(((J12/2)+(J$15-VariableUSBDia/2))^2-ConstantHV^2)-ConstantVV+VariableUSBDia/2),"-",IF(SQRT(((J12/2)+(J$15-VariableUSBDia/2))^2-ConstantHV^2)-ConstantVV+VariableUSBDia/2<0,"-", SQRT(((J12/2)+(J$15-VariableUSBDia/2))^2-ConstantHV^2)-ConstantVV+VariableUSBDia/2)),IF(OR(ISERROR(SQRT(((J12/2)+(J$15-VLOOKUP(MachinesUSBDia,Machines[],MATCH(J13,Machines[#Headers],0),FALSE)/2))^2-VLOOKUP(MachinesConstantHV,Machines[],MATCH(J13,Machines[#Headers],0),FALSE)^2)-VLOOKUP(MachinesConstantVV,Machines[],MATCH(J13,Machines[#Headers],0),FALSE)+VLOOKUP(MachinesUSBDia,Machines[],MATCH(J13,Machines[#Headers],0),FALSE)/2),NOT(ISNUMBER(VLOOKUP(MachinesConstantHV,Machines[],MATCH(J13,Machines[#Headers],0),FALSE))),NOT(ISNUMBER(VLOOKUP(MachinesConstantVV,Machines[],MATCH(J13,Machines[#Headers],0),FALSE)))),"-",IF(SQRT(((J12/2)+(J$15-VLOOKUP(MachinesUSBDia,Machines[],MATCH(J13,Machines[#Headers],0),FALSE)/2))^2-VLOOKUP(MachinesConstantHV,Machines[],MATCH(J13,Machines[#Headers],0),FALSE)^2)-VLOOKUP(MachinesConstantVV,Machines[],MATCH(J13,Machines[#Headers],0),FALSE)+VLOOKUP(MachinesUSBDia,Machines[],MATCH(J13,Machines[#Headers],0),FALSE)/2<0,"-", SQRT(((J12/2)+(J$15-VLOOKUP(MachinesUSBDia,Machines[],MATCH(J13,Machines[#Headers],0),FALSE)/2))^2-VLOOKUP(MachinesConstantHV,Machines[],MATCH(J13,Machines[#Headers],0),FALSE)^2)-VLOOKUP(MachinesConstantVV,Machines[],MATCH(J13,Machines[#Headers],0),FALSE)+VLOOKUP(MachinesUSBDia,Machines[],MATCH(J13,Machines[#Headers],0),FALSE)/2))) -> 174.61405 | K17: =IF(K13="",IF(ISERROR(SQRT(((K12/2)+(K$15-VariableUSBDia/2))^2-ConstantHV^2)-ConstantVV+VariableUSBDia/2),"-",IF(SQRT(((K12/2)+(K$15-VariableUSBDia/2))^2-ConstantHV^2)-ConstantVV+VariableUSBDia/2<0,"-", SQRT(((K12/2)+(K$15-VariableUSBDia/2))^2-ConstantHV^2)-ConstantVV+VariableUSBDia/2)),IF(OR(ISERROR(SQRT(((K12/2)+(K$15-VLOOKUP(MachinesUSBDia,Machines[],MATCH(K13,Machines[#Headers],0),FALSE)/2))^2-VLOOKUP(MachinesConstantHV,Machines[],MATCH(K13,Machines[#Headers],0),FALSE)^2)-VLOOKUP(MachinesConstantVV,Machines[],MATCH(K13,Machines[#Headers],0),FALSE)+VLOOKUP(MachinesUSBDia,Machines[],MATCH(K13,Machines[#Headers],0),FALSE)/2),NOT(ISNUMBER(VLOOKUP(MachinesConstantHV,Machines[],MATCH(K13,Machines[#Headers],0),FALSE))),NOT(ISNUMBER(VLOOKUP(MachinesConstantVV,Machines[],MATCH(K13,Machines[#Headers],0),FALSE)))),"-",IF(SQRT(((K12/2)+(K$15-VLOOKUP(MachinesUSBDia,Machines[],MATCH(K13,Machines[#Headers],0),FALSE)/2))^2-VLOOKUP(MachinesConstantHV,Machines[],MATCH(K13,Machines[#Headers],0),FALSE)^2)-VLOOKUP(MachinesConstantVV,Machines[],MATCH(K13,Machines[#Headers],0),FALSE)+VLOOKUP(MachinesUSBDia,Machines[],MATCH(K13,Machines[#Headers],0),FALSE)/2<0,"-", SQRT(((K12/2)+(K$15-VLOOKUP(MachinesUSBDia,Machines[],MATCH(K13,Machines[#Headers],0),FALSE)/2))^2-VLOOKUP(MachinesConstantHV,Machines[],MATCH(K13,Machines[#Headers],0),FALSE)^2)-VLOOKUP(MachinesConstantVV,Machines[],MATCH(K13,Machines[#Headers],0),FALSE)+VLOOKUP(MachinesUSBDia,Machines[],MATCH(K13,Machines[#Headers],0),FALSE)/2))) -> 176.82458 | L17: =IF(L13="",IF(ISERROR(SQRT(((L12/2)+(L$15-VariableUSBDia/2))^2-ConstantHV^2)-ConstantVV+VariableUSBDia/2),"-",IF(SQRT(((L12/2)+(L$15-VariableUSBDia/2))^2-ConstantHV^2)-ConstantVV+VariableUSBDia/2<0,"-", SQRT(((L12/2)+(L$15-VariableUSBDia/2))^2-ConstantHV^2)-ConstantVV+VariableUSBDia/2)),IF(OR(ISERROR(SQRT(((L12/2)+(L$15-VLOOKUP(MachinesUSBDia,Machines[],MATCH(L13,Machines[#Headers],0),FALSE)/2))^2-VLOOKUP(MachinesConstantHV,Machines[],MATCH(L13,Machines[#Headers],0),FALSE)^2)-VLOOKUP(MachinesConstantVV,Machines[],MATCH(L13,Machines[#Headers],0),FALSE)+VLOOKUP(MachinesUSBDia,Machines[],MATCH(L13,Machines[#Headers],0),FALSE)/2),NOT(ISNUMBER(VLOOKUP(MachinesConstantHV,Machines[],MATCH(L13,Machines[#Headers],0),FALSE))),NOT(ISNUMBER(VLOOKUP(MachinesConstantVV,Machines[],MATCH(L13,Machines[#Headers],0),FALSE)))),"-",IF(SQRT(((L12/2)+(L$15-VLOOKUP(MachinesUSBDia,Machines[],MATCH(L13,Machines[#Headers],0),FALSE)/2))^2-VLOOKUP(MachinesConstantHV,Machines[],MATCH(L13,Machines[#Headers],0),FALSE)^2)-VLOOKUP(MachinesConstantVV,Machines[],MATCH(L13,Machines[#Headers],0),FALSE)+VLOOKUP(MachinesUSBDia,Machines[],MATCH(L13,Machines[#Headers],0),FALSE)/2<0,"-", SQRT(((L12/2)+(L$15-VLOOKUP(MachinesUSBDia,Machines[],MATCH(L13,Machines[#Headers],0),FALSE)/2))^2-VLOOKUP(MachinesConstantHV,Machines[],MATCH(L13,Machines[#Headers],0),FALSE)^2)-VLOOKUP(MachinesConstantVV,Machines[],MATCH(L13,Machines[#Headers],0),FALSE)+VLOOKUP(MachinesUSBDia,Machines[],MATCH(L13,Machines[#Headers],0),FALSE)/2))) -> 175.21558 | M17: =IF(M13="",IF(ISERROR(SQRT(((M12/2)+(M$15-VariableUSBDia/2))^2-ConstantHV^2)-ConstantVV+VariableUSBDia/2),"-",IF(SQRT(((M12/2)+(M$15-VariableUSBDia/2))^2-ConstantHV^2)-ConstantVV+VariableUSBDia/2<0,"-", SQRT(((M12/2)+(M$15-VariableUSBDia/2))^2-ConstantHV^2)-ConstantVV+VariableUSBDia/2)),IF(OR(ISERROR(SQRT(((M12/2)+(M$15-VLOOKUP(MachinesUSBDia,Machines[],MATCH(M13,Machines[#Headers],0),FALSE)/2))^2-VLOOKUP(MachinesConstantHV,Machines[],MATCH(M13,Machines[#Headers],0),FALSE)^2)-VLOOKUP(MachinesConstantVV,Machines[],MATCH(M13,Machines[#Headers],0),FALSE)+VLOOKUP(MachinesUSBDia,Machines[],MATCH(M13,Machines[#Headers],0),FALSE)/2),NOT(ISNUMBER(VLOOKUP(MachinesConstantHV,Machines[],MATCH(M13,Machines[#Headers],0),FALSE))),NOT(ISNUMBER(VLOOKUP(MachinesConstantVV,Machines[],MATCH(M13,Machines[#Headers],0),FALSE)))),"-",IF(SQRT(((M12/2)+(M$15-VLOOKUP(MachinesUSBDia,Machines[],MATCH(M13,Machines[#Headers],0),FALSE)/2))^2-VLOOKUP(MachinesConstantHV,Machines[],MATCH(M13,Machines[#Headers],0),FALSE)^2)-VLOOKUP(MachinesConstantVV,Machines[],MATCH(M13,Machines[#Headers],0),FALSE)+VLOOKUP(MachinesUSBDia,Machines[],MATCH(M13,Machines[#Headers],0),FALSE)/2<0,"-", SQRT(((M12/2)+(M$15-VLOOKUP(MachinesUSBDia,Machines[],MATCH(M13,Machines[#Headers],0),FALSE)/2))^2-VLOOKUP(MachinesConstantHV,Machines[],MATCH(M13,Machines[#Headers],0),FALSE)^2)-VLOOKUP(MachinesConstantVV,Machines[],MATCH(M13,Machines[#Headers],0),FALSE)+VLOOKUP(MachinesUSBDia,Machines[],MATCH(M13,Machines[#Headers],0),FALSE)/2))) -> 174.89034 | N17: =IF(N13="",IF(ISERROR(SQRT(((N12/2)+(N$15-VariableUSBDia/2))^2-ConstantHV^2)-ConstantVV+VariableUSBDia/2),"-",IF(SQRT(((N12/2)+(N$15-VariableUSBDia/2))^2-ConstantHV^2)-ConstantVV+VariableUSBDia/2<0,"-", SQRT(((N12/2)+(N$15-VariableUSBDia/2))^2-ConstantHV^2)-ConstantVV+VariableUSBDia/2)),IF(OR(ISERROR(SQRT(((N12/2)+(N$15-VLOOKUP(MachinesUSBDia,Machines[],MATCH(N13,Machines[#Headers],0),FALSE)/2))^2-VLOOKUP(MachinesConstantHV,Machines[],MATCH(N13,Machines[#Headers],0),FALSE)^2)-VLOOKUP(MachinesConstantVV,Machines[],MATCH(N13,Machines[#Headers],0),FALSE)+VLOOKUP(MachinesUSBDia,Machines[],MATCH(N13,Machines[#Headers],0),FALSE)/2),NOT(ISNUMBER(VLOOKUP(MachinesConstantHV,Machines[],MATCH(N13,Machines[#Headers],0),FALSE))),NOT(ISNUMBER(VLOOKUP(MachinesConstantVV,Machines[],MATCH(N13,Machines[#Headers],0),FALSE)))),"-",IF(SQRT(((N12/2)+(N$15-VLOOKUP(MachinesUSBDia,Machines[],MATCH(N13,Machines[#Headers],0),FALSE)/2))^2-VLOOKUP(MachinesConstantHV,Machines[],MATCH(N13,Machines[#Headers],0),FALSE)^2)-VLOOKUP(MachinesConstantVV,Machines[],MATCH(N13,Machines[#Headers],0),FALSE)+VLOOKUP(MachinesUSBDia,Machines[],MATCH(N13,Machines[#Headers],0),FALSE)/2<0,"-", SQRT(((N12/2)+(N$15-VLOOKUP(MachinesUSBDia,Machines[],MATCH(N13,Machines[#Headers],0),FALSE)/2))^2-VLOOKUP(MachinesConstantHV,Machines[],MATCH(N13,Machines[#Headers],0),FALSE)^2)-VLOOKUP(MachinesConstantVV,Machines[],MATCH(N13,Machines[#Headers],0),FALSE)+VLOOKUP(MachinesUSBDia,Machines[],MATCH(N13,Machines[#Headers],0),FALSE)/2))) -> 174.76334 | ... T17: =IF(T13="",IF(ISERROR(SQRT(((T12/2)+(T$15-VariableUSBDia/2))^2-ConstantHV^2)-ConstantVV+VariableUSBDia/2),"-",IF(SQRT(((T12/2)+(T$15-VariableUSBDia/2))^2-ConstantHV^2)-ConstantVV+VariableUSBDia/2<0,"-", SQRT(((T12/2)+(T$15-VariableUSBDia/2))^2-ConstantHV^2)-ConstantVV+VariableUSBDia/2)),IF(OR(ISERROR(SQRT(((T12/2)+(T$15-VLOOKUP(MachinesUSBDia,Machines[],MATCH(T13,Machines[#Headers],0),FALSE)/2))^2-VLOOKUP(MachinesConstantHV,Machines[],MATCH(T13,Machines[#Headers],0),FALSE)^2)-VLOOKUP(MachinesConstantVV,Machines[],MATCH(T13,Machines[#Headers],0),FALSE)+VLOOKUP(MachinesUSBDia,Machines[],MATCH(T13,Machines[#Headers],0),FALSE)/2),NOT(ISNUMBER(VLOOKUP(MachinesConstantHV,Machines[],MATCH(T13,Machines[#Headers],0),FALSE))),NOT(ISNUMBER(VLOOKUP(MachinesConstantVV,Machines[],MATCH(T13,Machines[#Headers],0),FALSE)))),"-",IF(SQRT(((T12/2)+(T$15-VLOOKUP(MachinesUSBDia,Machines[],MATCH(T13,Machines[#Headers],0),FALSE)/2))^2-VLOOKUP(MachinesConstantHV,Machines[],MATCH(T13,Machines[#Headers],0),FALSE)^2)-VLOOKUP(MachinesConstantVV,Machines[],MATCH(T13,Machines[#Headers],0),FALSE)+VLOOKUP(MachinesUSBDia,Machines[],MATCH(T13,Machines[#Headers],0),FALSE)/2<0,"-", SQRT(((T12/2)+(T$15-VLOOKUP(MachinesUSBDia,Machines[],MATCH(T13,Machines[#Headers],0),FALSE)/2))^2-VLOOKUP(MachinesConstantHV,Machines[],MATCH(T13,Machines[#Headers],0),FALSE)^2)-VLOOKUP(MachinesConstantVV,Machines[],MATCH(T13,Machines[#Headers],0),FALSE)+VLOOKUP(MachinesUSBDia,Machines[],MATCH(T13,Machines[#Headers],0),FALSE)/2))) -> -
B18: Constant VV - Vertical USB [mm] | C18: =IF(OR($D$18=0,ISTEXT($D$18)),DefaultConstantVV,$D$18) -> 28.7 | F18: Height HUSB [mm] | G18: =IF(G13="",IF(ISERROR(SQRT(((G12/2)+(G$15-VariableUSBDia/2))^2-ConstantHH^2)-ConstantVH+$C$16/2),"-",IF(SQRT(((G12/2)+(G$15-VariableUSBDia/2))^2-ConstantHH^2)-ConstantVH+VariableUSBDia/2<0,"-", SQRT(((G12/2)+(G$15-VariableUSBDia/2))^2-ConstantHH^2)-ConstantVH+VariableUSBDia/2)),IF(OR(ISERROR(SQRT(((G12/2)+(G$15-VLOOKUP(MachinesUSBDia,Machines[],MATCH(G13,Machines[#Headers],0),FALSE)/2))^2-VLOOKUP(MachinesConstantHH,Machines[],MATCH(G13,Machines[#Headers],0),FALSE)^2)-VLOOKUP(MachinesConstantVH,Machines[],MATCH(G13,Machines[#Headers],0),FALSE)+VLOOKUP(MachinesUSBDia,Machines[],MATCH(G13,Machines[#Headers],0),FALSE)/2),NOT(ISNUMBER(VLOOKUP(MachinesConstantHH,Machines[],MATCH(G13,Machines[#Headers],0),FALSE))),NOT(ISNUMBER(VLOOKUP(MachinesConstantVH,Machines[],MATCH(G13,Machines[#Headers],0),FALSE)))),"-",IF(SQRT(((G12/2)+(G$15-VLOOKUP(MachinesUSBDia,Machines[],MATCH(G13,Machines[#Headers],0),FALSE)/2))^2-VLOOKUP(MachinesConstantHH,Machines[],MATCH(G13,Machines[#Headers],0),FALSE)^2)-VLOOKUP(MachinesConstantVH,Machines[],MATCH(G13,Machines[#Headers],0),FALSE)+VLOOKUP(MachinesUSBDia,Machines[],MATCH(G13,Machines[#Headers],0),FALSE)/2<0,"-", SQRT(((G12/2)+(G$15-VLOOKUP(MachinesUSBDia,Machines[],MATCH(G13,Machines[#Headers],0),FALSE)/2))^2-VLOOKUP(MachinesConstantHH,Machines[],MATCH(G13,Machines[#Headers],0),FALSE)^2)-VLOOKUP(MachinesConstantVH,Machines[],MATCH(G13,Machines[#Headers],0),FALSE)+VLOOKUP(MachinesUSBDia,Machines[],MATCH(G13,Machines[#Headers],0),FALSE)/2))) -> 124.84896 | H18: =IF(H13="",IF(ISERROR(SQRT(((H12/2)+(H$15-VariableUSBDia/2))^2-ConstantHH^2)-ConstantVH+$C$16/2),"-",IF(SQRT(((H12/2)+(H$15-VariableUSBDia/2))^2-ConstantHH^2)-ConstantVH+VariableUSBDia/2<0,"-", SQRT(((H12/2)+(H$15-VariableUSBDia/2))^2-ConstantHH^2)-ConstantVH+VariableUSBDia/2)),IF(OR(ISERROR(SQRT(((H12/2)+(H$15-VLOOKUP(MachinesUSBDia,Machines[],MATCH(H13,Machines[#Headers],0),FALSE)/2))^2-VLOOKUP(MachinesConstantHH,Machines[],MATCH(H13,Machines[#Headers],0),FALSE)^2)-VLOOKUP(MachinesConstantVH,Machines[],MATCH(H13,Machines[#Headers],0),FALSE)+VLOOKUP(MachinesUSBDia,Machines[],MATCH(H13,Machines[#Headers],0),FALSE)/2),NOT(ISNUMBER(VLOOKUP(MachinesConstantHH,Machines[],MATCH(H13,Machines[#Headers],0),FALSE))),NOT(ISNUMBER(VLOOKUP(MachinesConstantVH,Machines[],MATCH(H13,Machines[#Headers],0),FALSE)))),"-",IF(SQRT(((H12/2)+(H$15-VLOOKUP(MachinesUSBDia,Machines[],MATCH(H13,Machines[#Headers],0),FALSE)/2))^2-VLOOKUP(MachinesConstantHH,Machines[],MATCH(H13,Machines[#Headers],0),FALSE)^2)-VLOOKUP(MachinesConstantVH,Machines[],MATCH(H13,Machines[#Headers],0),FALSE)+VLOOKUP(MachinesUSBDia,Machines[],MATCH(H13,Machines[#Headers],0),FALSE)/2<0,"-", SQRT(((H12/2)+(H$15-VLOOKUP(MachinesUSBDia,Machines[],MATCH(H13,Machines[#Headers],0),FALSE)/2))^2-VLOOKUP(MachinesConstantHH,Machines[],MATCH(H13,Machines[#Headers],0),FALSE)^2)-VLOOKUP(MachinesConstantVH,Machines[],MATCH(H13,Machines[#Headers],0),FALSE)+VLOOKUP(MachinesUSBDia,Machines[],MATCH(H13,Machines[#Headers],0),FALSE)/2))) -> 124.45191 | I18: =IF(I13="",IF(ISERROR(SQRT(((I12/2)+(I$15-VariableUSBDia/2))^2-ConstantHH^2)-ConstantVH+$C$16/2),"-",IF(SQRT(((I12/2)+(I$15-VariableUSBDia/2))^2-ConstantHH^2)-ConstantVH+VariableUSBDia/2<0,"-", SQRT(((I12/2)+(I$15-VariableUSBDia/2))^2-ConstantHH^2)-ConstantVH+VariableUSBDia/2)),IF(OR(ISERROR(SQRT(((I12/2)+(I$15-VLOOKUP(MachinesUSBDia,Machines[],MATCH(I13,Machines[#Headers],0),FALSE)/2))^2-VLOOKUP(MachinesConstantHH,Machines[],MATCH(I13,Machines[#Headers],0),FALSE)^2)-VLOOKUP(MachinesConstantVH,Machines[],MATCH(I13,Machines[#Headers],0),FALSE)+VLOOKUP(MachinesUSBDia,Machines[],MATCH(I13,Machines[#Headers],0),FALSE)/2),NOT(ISNUMBER(VLOOKUP(MachinesConstantHH,Machines[],MATCH(I13,Machines[#Headers],0),FALSE))),NOT(ISNUMBER(VLOOKUP(MachinesConstantVH,Machines[],MATCH(I13,Machines[#Headers],0),FALSE)))),"-",IF(SQRT(((I12/2)+(I$15-VLOOKUP(MachinesUSBDia,Machines[],MATCH(I13,Machines[#Headers],0),FALSE)/2))^2-VLOOKUP(MachinesConstantHH,Machines[],MATCH(I13,Machines[#Headers],0),FALSE)^2)-VLOOKUP(MachinesConstantVH,Machines[],MATCH(I13,Machines[#Headers],0),FALSE)+VLOOKUP(MachinesUSBDia,Machines[],MATCH(I13,Machines[#Headers],0),FALSE)/2<0,"-", SQRT(((I12/2)+(I$15-VLOOKUP(MachinesUSBDia,Machines[],MATCH(I13,Machines[#Headers],0),FALSE)/2))^2-VLOOKUP(MachinesConstantHH,Machines[],MATCH(I13,Machines[#Headers],0),FALSE)^2)-VLOOKUP(MachinesConstantVH,Machines[],MATCH(I13,Machines[#Headers],0),FALSE)+VLOOKUP(MachinesUSBDia,Machines[],MATCH(I13,Machines[#Headers],0),FALSE)/2))) -> 126.24223 | J18: =IF(J13="",IF(ISERROR(SQRT(((J12/2)+(J$15-VariableUSBDia/2))^2-ConstantHH^2)-ConstantVH+$C$16/2),"-",IF(SQRT(((J12/2)+(J$15-VariableUSBDia/2))^2-ConstantHH^2)-ConstantVH+VariableUSBDia/2<0,"-", SQRT(((J12/2)+(J$15-VariableUSBDia/2))^2-ConstantHH^2)-ConstantVH+VariableUSBDia/2)),IF(OR(ISERROR(SQRT(((J12/2)+(J$15-VLOOKUP(MachinesUSBDia,Machines[],MATCH(J13,Machines[#Headers],0),FALSE)/2))^2-VLOOKUP(MachinesConstantHH,Machines[],MATCH(J13,Machines[#Headers],0),FALSE)^2)-VLOOKUP(MachinesConstantVH,Machines[],MATCH(J13,Machines[#Headers],0),FALSE)+VLOOKUP(MachinesUSBDia,Machines[],MATCH(J13,Machines[#Headers],0),FALSE)/2),NOT(ISNUMBER(VLOOKUP(MachinesConstantHH,Machines[],MATCH(J13,Machines[#Headers],0),FALSE))),NOT(ISNUMBER(VLOOKUP(MachinesConstantVH,Machines[],MATCH(J13,Machines[#Headers],0),FALSE)))),"-",IF(SQRT(((J12/2)+(J$15-VLOOKUP(MachinesUSBDia,Machines[],MATCH(J13,Machines[#Headers],0),FALSE)/2))^2-VLOOKUP(MachinesConstantHH,Machines[],MATCH(J13,Machines[#Headers],0),FALSE)^2)-VLOOKUP(MachinesConstantVH,Machines[],MATCH(J13,Machines[#Headers],0),FALSE)+VLOOKUP(MachinesUSBDia,Machines[],MATCH(J13,Machines[#Headers],0),FALSE)/2<0,"-", SQRT(((J12/2)+(J$15-VLOOKUP(MachinesUSBDia,Machines[],MATCH(J13,Machines[#Headers],0),FALSE)/2))^2-VLOOKUP(MachinesConstantHH,Machines[],MATCH(J13,Machines[#Headers],0),FALSE)^2)-VLOOKUP(MachinesConstantVH,Machines[],MATCH(J13,Machines[#Headers],0),FALSE)+VLOOKUP(MachinesUSBDia,Machines[],MATCH(J13,Machines[#Headers],0),FALSE)/2))) -> 124.25356 | K18: =IF(K13="",IF(ISERROR(SQRT(((K12/2)+(K$15-VariableUSBDia/2))^2-ConstantHH^2)-ConstantVH+$C$16/2),"-",IF(SQRT(((K12/2)+(K$15-VariableUSBDia/2))^2-ConstantHH^2)-ConstantVH+VariableUSBDia/2<0,"-", SQRT(((K12/2)+(K$15-VariableUSBDia/2))^2-ConstantHH^2)-ConstantVH+VariableUSBDia/2)),IF(OR(ISERROR(SQRT(((K12/2)+(K$15-VLOOKUP(MachinesUSBDia,Machines[],MATCH(K13,Machines[#Headers],0),FALSE)/2))^2-VLOOKUP(MachinesConstantHH,Machines[],MATCH(K13,Machines[#Headers],0),FALSE)^2)-VLOOKUP(MachinesConstantVH,Machines[],MATCH(K13,Machines[#Headers],0),FALSE)+VLOOKUP(MachinesUSBDia,Machines[],MATCH(K13,Machines[#Headers],0),FALSE)/2),NOT(ISNUMBER(VLOOKUP(MachinesConstantHH,Machines[],MATCH(K13,Machines[#Headers],0),FALSE))),NOT(ISNUMBER(VLOOKUP(MachinesConstantVH,Machines[],MATCH(K13,Machines[#Headers],0),FALSE)))),"-",IF(SQRT(((K12/2)+(K$15-VLOOKUP(MachinesUSBDia,Machines[],MATCH(K13,Machines[#Headers],0),FALSE)/2))^2-VLOOKUP(MachinesConstantHH,Machines[],MATCH(K13,Machines[#Headers],0),FALSE)^2)-VLOOKUP(MachinesConstantVH,Machines[],MATCH(K13,Machines[#Headers],0),FALSE)+VLOOKUP(MachinesUSBDia,Machines[],MATCH(K13,Machines[#Headers],0),FALSE)/2<0,"-", SQRT(((K12/2)+(K$15-VLOOKUP(MachinesUSBDia,Machines[],MATCH(K13,Machines[#Headers],0),FALSE)/2))^2-VLOOKUP(MachinesConstantHH,Machines[],MATCH(K13,Machines[#Headers],0),FALSE)^2)-VLOOKUP(MachinesConstantVH,Machines[],MATCH(K13,Machines[#Headers],0),FALSE)+VLOOKUP(MachinesUSBDia,Machines[],MATCH(K13,Machines[#Headers],0),FALSE)/2))) -> 126.44173 | L18: =IF(L13="",IF(ISERROR(SQRT(((L12/2)+(L$15-VariableUSBDia/2))^2-ConstantHH^2)-ConstantVH+$C$16/2),"-",IF(SQRT(((L12/2)+(L$15-VariableUSBDia/2))^2-ConstantHH^2)-ConstantVH+VariableUSBDia/2<0,"-", SQRT(((L12/2)+(L$15-VariableUSBDia/2))^2-ConstantHH^2)-ConstantVH+VariableUSBDia/2)),IF(OR(ISERROR(SQRT(((L12/2)+(L$15-VLOOKUP(MachinesUSBDia,Machines[],MATCH(L13,Machines[#Headers],0),FALSE)/2))^2-VLOOKUP(MachinesConstantHH,Machines[],MATCH(L13,Machines[#Headers],0),FALSE)^2)-VLOOKUP(MachinesConstantVH,Machines[],MATCH(L13,Machines[#Headers],0),FALSE)+VLOOKUP(MachinesUSBDia,Machines[],MATCH(L13,Machines[#Headers],0),FALSE)/2),NOT(ISNUMBER(VLOOKUP(MachinesConstantHH,Machines[],MATCH(L13,Machines[#Headers],0),FALSE))),NOT(ISNUMBER(VLOOKUP(MachinesConstantVH,Machines[],MATCH(L13,Machines[#Headers],0),FALSE)))),"-",IF(SQRT(((L12/2)+(L$15-VLOOKUP(MachinesUSBDia,Machines[],MATCH(L13,Machines[#Headers],0),FALSE)/2))^2-VLOOKUP(MachinesConstantHH,Machines[],MATCH(L13,Machines[#Headers],0),FALSE)^2)-VLOOKUP(MachinesConstantVH,Machines[],MATCH(L13,Machines[#Headers],0),FALSE)+VLOOKUP(MachinesUSBDia,Machines[],MATCH(L13,Machines[#Headers],0),FALSE)/2<0,"-", SQRT(((L12/2)+(L$15-VLOOKUP(MachinesUSBDia,Machines[],MATCH(L13,Machines[#Headers],0),FALSE)/2))^2-VLOOKUP(MachinesConstantHH,Machines[],MATCH(L13,Machines[#Headers],0),FALSE)^2)-VLOOKUP(MachinesConstantVH,Machines[],MATCH(L13,Machines[#Headers],0),FALSE)+VLOOKUP(MachinesUSBDia,Machines[],MATCH(L13,Machines[#Headers],0),FALSE)/2))) -> 124.84896 | M18: =IF(M13="",IF(ISERROR(SQRT(((M12/2)+(M$15-VariableUSBDia/2))^2-ConstantHH^2)-ConstantVH+$C$16/2),"-",IF(SQRT(((M12/2)+(M$15-VariableUSBDia/2))^2-ConstantHH^2)-ConstantVH+VariableUSBDia/2<0,"-", SQRT(((M12/2)+(M$15-VariableUSBDia/2))^2-ConstantHH^2)-ConstantVH+VariableUSBDia/2)),IF(OR(ISERROR(SQRT(((M12/2)+(M$15-VLOOKUP(MachinesUSBDia,Machines[],MATCH(M13,Machines[#Headers],0),FALSE)/2))^2-VLOOKUP(MachinesConstantHH,Machines[],MATCH(M13,Machines[#Headers],0),FALSE)^2)-VLOOKUP(MachinesConstantVH,Machines[],MATCH(M13,Machines[#Headers],0),FALSE)+VLOOKUP(MachinesUSBDia,Machines[],MATCH(M13,Machines[#Headers],0),FALSE)/2),NOT(ISNUMBER(VLOOKUP(MachinesConstantHH,Machines[],MATCH(M13,Machines[#Headers],0),FALSE))),NOT(ISNUMBER(VLOOKUP(MachinesConstantVH,Machines[],MATCH(M13,Machines[#Headers],0),FALSE)))),"-",IF(SQRT(((M12/2)+(M$15-VLOOKUP(MachinesUSBDia,Machines[],MATCH(M13,Machines[#Headers],0),FALSE)/2))^2-VLOOKUP(MachinesConstantHH,Machines[],MATCH(M13,Machines[#Headers],0),FALSE)^2)-VLOOKUP(MachinesConstantVH,Machines[],MATCH(M13,Machines[#Headers],0),FALSE)+VLOOKUP(MachinesUSBDia,Machines[],MATCH(M13,Machines[#Headers],0),FALSE)/2<0,"-", SQRT(((M12/2)+(M$15-VLOOKUP(MachinesUSBDia,Machines[],MATCH(M13,Machines[#Headers],0),FALSE)/2))^2-VLOOKUP(MachinesConstantHH,Machines[],MATCH(M13,Machines[#Headers],0),FALSE)^2)-VLOOKUP(MachinesConstantVH,Machines[],MATCH(M13,Machines[#Headers],0),FALSE)+VLOOKUP(MachinesUSBDia,Machines[],MATCH(M13,Machines[#Headers],0),FALSE)/2))) -> 124.94896 | N18: =IF(N13="",IF(ISERROR(SQRT(((N12/2)+(N$15-VariableUSBDia/2))^2-ConstantHH^2)-ConstantVH+$C$16/2),"-",IF(SQRT(((N12/2)+(N$15-VariableUSBDia/2))^2-ConstantHH^2)-ConstantVH+VariableUSBDia/2<0,"-", SQRT(((N12/2)+(N$15-VariableUSBDia/2))^2-ConstantHH^2)-ConstantVH+VariableUSBDia/2)),IF(OR(ISERROR(SQRT(((N12/2)+(N$15-VLOOKUP(MachinesUSBDia,Machines[],MATCH(N13,Machines[#Headers],0),FALSE)/2))^2-VLOOKUP(MachinesConstantHH,Machines[],MATCH(N13,Machines[#Headers],0),FALSE)^2)-VLOOKUP(MachinesConstantVH,Machines[],MATCH(N13,Machines[#Headers],0),FALSE)+VLOOKUP(MachinesUSBDia,Machines[],MATCH(N13,Machines[#Headers],0),FALSE)/2),NOT(ISNUMBER(VLOOKUP(MachinesConstantHH,Machines[],MATCH(N13,Machines[#Headers],0),FALSE))),NOT(ISNUMBER(VLOOKUP(MachinesConstantVH,Machines[],MATCH(N13,Machines[#Headers],0),FALSE)))),"-",IF(SQRT(((N12/2)+(N$15-VLOOKUP(MachinesUSBDia,Machines[],MATCH(N13,Machines[#Headers],0),FALSE)/2))^2-VLOOKUP(MachinesConstantHH,Machines[],MATCH(N13,Machines[#Headers],0),FALSE)^2)-VLOOKUP(MachinesConstantVH,Machines[],MATCH(N13,Machines[#Headers],0),FALSE)+VLOOKUP(MachinesUSBDia,Machines[],MATCH(N13,Machines[#Headers],0),FALSE)/2<0,"-", SQRT(((N12/2)+(N$15-VLOOKUP(MachinesUSBDia,Machines[],MATCH(N13,Machines[#Headers],0),FALSE)/2))^2-VLOOKUP(MachinesConstantHH,Machines[],MATCH(N13,Machines[#Headers],0),FALSE)^2)-VLOOKUP(MachinesConstantVH,Machines[],MATCH(N13,Machines[#Headers],0),FALSE)+VLOOKUP(MachinesUSBDia,Machines[],MATCH(N13,Machines[#Headers],0),FALSE)/2))) -> 126.14896 | ... T18: =IF(T13="",IF(ISERROR(SQRT(((T12/2)+(T$15-VariableUSBDia/2))^2-ConstantHH^2)-ConstantVH+$C$16/2),"-",IF(SQRT(((T12/2)+(T$15-VariableUSBDia/2))^2-ConstantHH^2)-ConstantVH+VariableUSBDia/2<0,"-", SQRT(((T12/2)+(T$15-VariableUSBDia/2))^2-ConstantHH^2)-ConstantVH+VariableUSBDia/2)),IF(OR(ISERROR(SQRT(((T12/2)+(T$15-VLOOKUP(MachinesUSBDia,Machines[],MATCH(T13,Machines[#Headers],0),FALSE)/2))^2-VLOOKUP(MachinesConstantHH,Machines[],MATCH(T13,Machines[#Headers],0),FALSE)^2)-VLOOKUP(MachinesConstantVH,Machines[],MATCH(T13,Machines[#Headers],0),FALSE)+VLOOKUP(MachinesUSBDia,Machines[],MATCH(T13,Machines[#Headers],0),FALSE)/2),NOT(ISNUMBER(VLOOKUP(MachinesConstantHH,Machines[],MATCH(T13,Machines[#Headers],0),FALSE))),NOT(ISNUMBER(VLOOKUP(MachinesConstantVH,Machines[],MATCH(T13,Machines[#Headers],0),FALSE)))),"-",IF(SQRT(((T12/2)+(T$15-VLOOKUP(MachinesUSBDia,Machines[],MATCH(T13,Machines[#Headers],0),FALSE)/2))^2-VLOOKUP(MachinesConstantHH,Machines[],MATCH(T13,Machines[#Headers],0),FALSE)^2)-VLOOKUP(MachinesConstantVH,Machines[],MATCH(T13,Machines[#Headers],0),FALSE)+VLOOKUP(MachinesUSBDia,Machines[],MATCH(T13,Machines[#Headers],0),FALSE)/2<0,"-", SQRT(((T12/2)+(T$15-VLOOKUP(MachinesUSBDia,Machines[],MATCH(T13,Machines[#Headers],0),FALSE)/2))^2-VLOOKUP(MachinesConstantHH,Machines[],MATCH(T13,Machines[#Headers],0),FALSE)^2)-VLOOKUP(MachinesConstantVH,Machines[],MATCH(T13,Machines[#Headers],0),FALSE)+VLOOKUP(MachinesUSBDia,Machines[],MATCH(T13,Machines[#Headers],0),FALSE)/2))) -> 103.42524
B19: Constant HH - Horizontal USB [mm] | C19: =IF(OR($D$19=0,ISTEXT($D$19)),DefaultConstantHH,$D$19) -> 41 | F19: Height FUSB [mm] | G19: =IF(G13="",IF(ISERROR(SQRT(((G12/2)+(G$15-VariableUSBDia/2))^2-VariableVHF^2)-ConstantVF+VariableUSBDia/2),"-",IF(SQRT(((G12/2)+(G$15-$C$16/2))^2-VariableVHF^2)-ConstantVF+VariableUSBDia/2<0,"-", SQRT(((G12/2)+(G$15-VariableUSBDia/2))^2-VariableVHF^2)-ConstantVF+VariableUSBDia/2)),IF(OR(ISERROR(SQRT(((G12/2)+(G$15-VLOOKUP(MachinesUSBDia,Machines[],MATCH(G13,Machines[#Headers],0),FALSE)/2))^2-VLOOKUP(MachinesConstantHF,Machines[],MATCH(G13,Machines[#Headers],0),FALSE)^2)-VLOOKUP(MachinesConstantVF,Machines[],MATCH(G13,Machines[#Headers],0),FALSE)+VLOOKUP(MachinesUSBDia,Machines[],MATCH(G13,Machines[#Headers],0),FALSE)/2),NOT(ISNUMBER(VLOOKUP(MachinesConstantHF,Machines[],MATCH(G13,Machines[#Headers],0),FALSE))),NOT(ISNUMBER(VLOOKUP(MachinesConstantVF,Machines[],MATCH(G13,Machines[#Headers],0),FALSE)))),"-",IF(SQRT(((G12/2)+(G$15-VLOOKUP(MachinesUSBDia,Machines[],MATCH(G13,Machines[#Headers],0),FALSE)/2))^2-VLOOKUP(MachinesConstantHF,Machines[],MATCH(G13,Machines[#Headers],0),FALSE)^2)-VLOOKUP(MachinesConstantVF,Machines[],MATCH(G13,Machines[#Headers],0),FALSE)+VLOOKUP(MachinesUSBDia,Machines[],MATCH(G13,Machines[#Headers],0),FALSE)/2<0,"-", SQRT(((G12/2)+(G$15-VLOOKUP(MachinesUSBDia,Machines[],MATCH(G13,Machines[#Headers],0),FALSE)/2))^2-VLOOKUP(MachinesConstantHF,Machines[],MATCH(G13,Machines[#Headers],0),FALSE)^2)-VLOOKUP(MachinesConstantVF,Machines[],MATCH(G13,Machines[#Headers],0),FALSE)+VLOOKUP(MachinesUSBDia,Machines[],MATCH(G13,Machines[#Headers],0),FALSE)/2))) -> 95.838084 | H19: =IF(H13="",IF(ISERROR(SQRT(((H12/2)+(H$15-VariableUSBDia/2))^2-VariableVHF^2)-ConstantVF+VariableUSBDia/2),"-",IF(SQRT(((H12/2)+(H$15-$C$16/2))^2-VariableVHF^2)-ConstantVF+VariableUSBDia/2<0,"-", SQRT(((H12/2)+(H$15-VariableUSBDia/2))^2-VariableVHF^2)-ConstantVF+VariableUSBDia/2)),IF(OR(ISERROR(SQRT(((H12/2)+(H$15-VLOOKUP(MachinesUSBDia,Machines[],MATCH(H13,Machines[#Headers],0),FALSE)/2))^2-VLOOKUP(MachinesConstantHF,Machines[],MATCH(H13,Machines[#Headers],0),FALSE)^2)-VLOOKUP(MachinesConstantVF,Machines[],MATCH(H13,Machines[#Headers],0),FALSE)+VLOOKUP(MachinesUSBDia,Machines[],MATCH(H13,Machines[#Headers],0),FALSE)/2),NOT(ISNUMBER(VLOOKUP(MachinesConstantHF,Machines[],MATCH(H13,Machines[#Headers],0),FALSE))),NOT(ISNUMBER(VLOOKUP(MachinesConstantVF,Machines[],MATCH(H13,Machines[#Headers],0),FALSE)))),"-",IF(SQRT(((H12/2)+(H$15-VLOOKUP(MachinesUSBDia,Machines[],MATCH(H13,Machines[#Headers],0),FALSE)/2))^2-VLOOKUP(MachinesConstantHF,Machines[],MATCH(H13,Machines[#Headers],0),FALSE)^2)-VLOOKUP(MachinesConstantVF,Machines[],MATCH(H13,Machines[#Headers],0),FALSE)+VLOOKUP(MachinesUSBDia,Machines[],MATCH(H13,Machines[#Headers],0),FALSE)/2<0,"-", SQRT(((H12/2)+(H$15-VLOOKUP(MachinesUSBDia,Machines[],MATCH(H13,Machines[#Headers],0),FALSE)/2))^2-VLOOKUP(MachinesConstantHF,Machines[],MATCH(H13,Machines[#Headers],0),FALSE)^2)-VLOOKUP(MachinesConstantVF,Machines[],MATCH(H13,Machines[#Headers],0),FALSE)+VLOOKUP(MachinesUSBDia,Machines[],MATCH(H13,Machines[#Headers],0),FALSE)/2))) -> 95.293243 | I19: =IF(I13="",IF(ISERROR(SQRT(((I12/2)+(I$15-VariableUSBDia/2))^2-VariableVHF^2)-ConstantVF+VariableUSBDia/2),"-",IF(SQRT(((I12/2)+(I$15-$C$16/2))^2-VariableVHF^2)-ConstantVF+VariableUSBDia/2<0,"-", SQRT(((I12/2)+(I$15-VariableUSBDia/2))^2-VariableVHF^2)-ConstantVF+VariableUSBDia/2)),IF(OR(ISERROR(SQRT(((I12/2)+(I$15-VLOOKUP(MachinesUSBDia,Machines[],MATCH(I13,Machines[#Headers],0),FALSE)/2))^2-VLOOKUP(MachinesConstantHF,Machines[],MATCH(I13,Machines[#Headers],0),FALSE)^2)-VLOOKUP(MachinesConstantVF,Machines[],MATCH(I13,Machines[#Headers],0),FALSE)+VLOOKUP(MachinesUSBDia,Machines[],MATCH(I13,Machines[#Headers],0),FALSE)/2),NOT(ISNUMBER(VLOOKUP(MachinesConstantHF,Machines[],MATCH(I13,Machines[#Headers],0),FALSE))),NOT(ISNUMBER(VLOOKUP(MachinesConstantVF,Machines[],MATCH(I13,Machines[#Headers],0),FALSE)))),"-",IF(SQRT(((I12/2)+(I$15-VLOOKUP(MachinesUSBDia,Machines[],MATCH(I13,Machines[#Headers],0),FALSE)/2))^2-VLOOKUP(MachinesConstantHF,Machines[],MATCH(I13,Machines[#Headers],0),FALSE)^2)-VLOOKUP(MachinesConstantVF,Machines[],MATCH(I13,Machines[#Headers],0),FALSE)+VLOOKUP(MachinesUSBDia,Machines[],MATCH(I13,Machines[#Headers],0),FALSE)/2<0,"-", SQRT(((I12/2)+(I$15-VLOOKUP(MachinesUSBDia,Machines[],MATCH(I13,Machines[#Headers],0),FALSE)/2))^2-VLOOKUP(MachinesConstantHF,Machines[],MATCH(I13,Machines[#Headers],0),FALSE)^2)-VLOOKUP(MachinesConstantVF,Machines[],MATCH(I13,Machines[#Headers],0),FALSE)+VLOOKUP(MachinesUSBDia,Machines[],MATCH(I13,Machines[#Headers],0),FALSE)/2))) -> 97.742531 | J19: =IF(J13="",IF(ISERROR(SQRT(((J12/2)+(J$15-VariableUSBDia/2))^2-VariableVHF^2)-ConstantVF+VariableUSBDia/2),"-",IF(SQRT(((J12/2)+(J$15-$C$16/2))^2-VariableVHF^2)-ConstantVF+VariableUSBDia/2<0,"-", SQRT(((J12/2)+(J$15-VariableUSBDia/2))^2-VariableVHF^2)-ConstantVF+VariableUSBDia/2)),IF(OR(ISERROR(SQRT(((J12/2)+(J$15-VLOOKUP(MachinesUSBDia,Machines[],MATCH(J13,Machines[#Headers],0),FALSE)/2))^2-VLOOKUP(MachinesConstantHF,Machines[],MATCH(J13,Machines[#Headers],0),FALSE)^2)-VLOOKUP(MachinesConstantVF,Machines[],MATCH(J13,Machines[#Headers],0),FALSE)+VLOOKUP(MachinesUSBDia,Machines[],MATCH(J13,Machines[#Headers],0),FALSE)/2),NOT(ISNUMBER(VLOOKUP(MachinesConstantHF,Machines[],MATCH(J13,Machines[#Headers],0),FALSE))),NOT(ISNUMBER(VLOOKUP(MachinesConstantVF,Machines[],MATCH(J13,Machines[#Headers],0),FALSE)))),"-",IF(SQRT(((J12/2)+(J$15-VLOOKUP(MachinesUSBDia,Machines[],MATCH(J13,Machines[#Headers],0),FALSE)/2))^2-VLOOKUP(MachinesConstantHF,Machines[],MATCH(J13,Machines[#Headers],0),FALSE)^2)-VLOOKUP(MachinesConstantVF,Machines[],MATCH(J13,Machines[#Headers],0),FALSE)+VLOOKUP(MachinesUSBDia,Machines[],MATCH(J13,Machines[#Headers],0),FALSE)/2<0,"-", SQRT(((J12/2)+(J$15-VLOOKUP(MachinesUSBDia,Machines[],MATCH(J13,Machines[#Headers],0),FALSE)/2))^2-VLOOKUP(MachinesConstantHF,Machines[],MATCH(J13,Machines[#Headers],0),FALSE)^2)-VLOOKUP(MachinesConstantVF,Machines[],MATCH(J13,Machines[#Headers],0),FALSE)+VLOOKUP(MachinesUSBDia,Machines[],MATCH(J13,Machines[#Headers],0),FALSE)/2))) -> 95.020701 | K19: =IF(K13="",IF(ISERROR(SQRT(((K12/2)+(K$15-VariableUSBDia/2))^2-VariableVHF^2)-ConstantVF+VariableUSBDia/2),"-",IF(SQRT(((K12/2)+(K$15-$C$16/2))^2-VariableVHF^2)-ConstantVF+VariableUSBDia/2<0,"-", SQRT(((K12/2)+(K$15-VariableUSBDia/2))^2-VariableVHF^2)-ConstantVF+VariableUSBDia/2)),IF(OR(ISERROR(SQRT(((K12/2)+(K$15-VLOOKUP(MachinesUSBDia,Machines[],MATCH(K13,Machines[#Headers],0),FALSE)/2))^2-VLOOKUP(MachinesConstantHF,Machines[],MATCH(K13,Machines[#Headers],0),FALSE)^2)-VLOOKUP(MachinesConstantVF,Machines[],MATCH(K13,Machines[#Headers],0),FALSE)+VLOOKUP(MachinesUSBDia,Machines[],MATCH(K13,Machines[#Headers],0),FALSE)/2),NOT(ISNUMBER(VLOOKUP(MachinesConstantHF,Machines[],MATCH(K13,Machines[#Headers],0),FALSE))),NOT(ISNUMBER(VLOOKUP(MachinesConstantVF,Machines[],MATCH(K13,Machines[#Headers],0),FALSE)))),"-",IF(SQRT(((K12/2)+(K$15-VLOOKUP(MachinesUSBDia,Machines[],MATCH(K13,Machines[#Headers],0),FALSE)/2))^2-VLOOKUP(MachinesConstantHF,Machines[],MATCH(K13,Machines[#Headers],0),FALSE)^2)-VLOOKUP(MachinesConstantVF,Machines[],MATCH(K13,Machines[#Headers],0),FALSE)+VLOOKUP(MachinesUSBDia,Machines[],MATCH(K13,Machines[#Headers],0),FALSE)/2<0,"-", SQRT(((K12/2)+(K$15-VLOOKUP(MachinesUSBDia,Machines[],MATCH(K13,Machines[#Headers],0),FALSE)/2))^2-VLOOKUP(MachinesConstantHF,Machines[],MATCH(K13,Machines[#Headers],0),FALSE)^2)-VLOOKUP(MachinesConstantVF,Machines[],MATCH(K13,Machines[#Headers],0),FALSE)+VLOOKUP(MachinesUSBDia,Machines[],MATCH(K13,Machines[#Headers],0),FALSE)/2))) -> 98.014284 | L19: =IF(L13="",IF(ISERROR(SQRT(((L12/2)+(L$15-VariableUSBDia/2))^2-VariableVHF^2)-ConstantVF+VariableUSBDia/2),"-",IF(SQRT(((L12/2)+(L$15-$C$16/2))^2-VariableVHF^2)-ConstantVF+VariableUSBDia/2<0,"-", SQRT(((L12/2)+(L$15-VariableUSBDia/2))^2-VariableVHF^2)-ConstantVF+VariableUSBDia/2)),IF(OR(ISERROR(SQRT(((L12/2)+(L$15-VLOOKUP(MachinesUSBDia,Machines[],MATCH(L13,Machines[#Headers],0),FALSE)/2))^2-VLOOKUP(MachinesConstantHF,Machines[],MATCH(L13,Machines[#Headers],0),FALSE)^2)-VLOOKUP(MachinesConstantVF,Machines[],MATCH(L13,Machines[#Headers],0),FALSE)+VLOOKUP(MachinesUSBDia,Machines[],MATCH(L13,Machines[#Headers],0),FALSE)/2),NOT(ISNUMBER(VLOOKUP(MachinesConstantHF,Machines[],MATCH(L13,Machines[#Headers],0),FALSE))),NOT(ISNUMBER(VLOOKUP(MachinesConstantVF,Machines[],MATCH(L13,Machines[#Headers],0),FALSE)))),"-",IF(SQRT(((L12/2)+(L$15-VLOOKUP(MachinesUSBDia,Machines[],MATCH(L13,Machines[#Headers],0),FALSE)/2))^2-VLOOKUP(MachinesConstantHF,Machines[],MATCH(L13,Machines[#Headers],0),FALSE)^2)-VLOOKUP(MachinesConstantVF,Machines[],MATCH(L13,Machines[#Headers],0),FALSE)+VLOOKUP(MachinesUSBDia,Machines[],MATCH(L13,Machines[#Headers],0),FALSE)/2<0,"-", SQRT(((L12/2)+(L$15-VLOOKUP(MachinesUSBDia,Machines[],MATCH(L13,Machines[#Headers],0),FALSE)/2))^2-VLOOKUP(MachinesConstantHF,Machines[],MATCH(L13,Machines[#Headers],0),FALSE)^2)-VLOOKUP(MachinesConstantVF,Machines[],MATCH(L13,Machines[#Headers],0),FALSE)+VLOOKUP(MachinesUSBDia,Machines[],MATCH(L13,Machines[#Headers],0),FALSE)/2))) -> 95.838084 | M19: =IF(M13="",IF(ISERROR(SQRT(((M12/2)+(M$15-VariableUSBDia/2))^2-VariableVHF^2)-ConstantVF+VariableUSBDia/2),"-",IF(SQRT(((M12/2)+(M$15-$C$16/2))^2-VariableVHF^2)-ConstantVF+VariableUSBDia/2<0,"-", SQRT(((M12/2)+(M$15-VariableUSBDia/2))^2-VariableVHF^2)-ConstantVF+VariableUSBDia/2)),IF(OR(ISERROR(SQRT(((M12/2)+(M$15-VLOOKUP(MachinesUSBDia,Machines[],MATCH(M13,Machines[#Headers],0),FALSE)/2))^2-VLOOKUP(MachinesConstantHF,Machines[],MATCH(M13,Machines[#Headers],0),FALSE)^2)-VLOOKUP(MachinesConstantVF,Machines[],MATCH(M13,Machines[#Headers],0),FALSE)+VLOOKUP(MachinesUSBDia,Machines[],MATCH(M13,Machines[#Headers],0),FALSE)/2),NOT(ISNUMBER(VLOOKUP(MachinesConstantHF,Machines[],MATCH(M13,Machines[#Headers],0),FALSE))),NOT(ISNUMBER(VLOOKUP(MachinesConstantVF,Machines[],MATCH(M13,Machines[#Headers],0),FALSE)))),"-",IF(SQRT(((M12/2)+(M$15-VLOOKUP(MachinesUSBDia,Machines[],MATCH(M13,Machines[#Headers],0),FALSE)/2))^2-VLOOKUP(MachinesConstantHF,Machines[],MATCH(M13,Machines[#Headers],0),FALSE)^2)-VLOOKUP(MachinesConstantVF,Machines[],MATCH(M13,Machines[#Headers],0),FALSE)+VLOOKUP(MachinesUSBDia,Machines[],MATCH(M13,Machines[#Headers],0),FALSE)/2<0,"-", SQRT(((M12/2)+(M$15-VLOOKUP(MachinesUSBDia,Machines[],MATCH(M13,Machines[#Headers],0),FALSE)/2))^2-VLOOKUP(MachinesConstantHF,Machines[],MATCH(M13,Machines[#Headers],0),FALSE)^2)-VLOOKUP(MachinesConstantVF,Machines[],MATCH(M13,Machines[#Headers],0),FALSE)+VLOOKUP(MachinesUSBDia,Machines[],MATCH(M13,Machines[#Headers],0),FALSE)/2))) -> 95.935934 | N19: =IF(N13="",IF(ISERROR(SQRT(((N12/2)+(N$15-VariableUSBDia/2))^2-VariableVHF^2)-ConstantVF+VariableUSBDia/2),"-",IF(SQRT(((N12/2)+(N$15-$C$16/2))^2-VariableVHF^2)-ConstantVF+VariableUSBDia/2<0,"-", SQRT(((N12/2)+(N$15-VariableUSBDia/2))^2-VariableVHF^2)-ConstantVF+VariableUSBDia/2)),IF(OR(ISERROR(SQRT(((N12/2)+(N$15-VLOOKUP(MachinesUSBDia,Machines[],MATCH(N13,Machines[#Headers],0),FALSE)/2))^2-VLOOKUP(MachinesConstantHF,Machines[],MATCH(N13,Machines[#Headers],0),FALSE)^2)-VLOOKUP(MachinesConstantVF,Machines[],MATCH(N13,Machines[#Headers],0),FALSE)+VLOOKUP(MachinesUSBDia,Machines[],MATCH(N13,Machines[#Headers],0),FALSE)/2),NOT(ISNUMBER(VLOOKUP(MachinesConstantHF,Machines[],MATCH(N13,Machines[#Headers],0),FALSE))),NOT(ISNUMBER(VLOOKUP(MachinesConstantVF,Machines[],MATCH(N13,Machines[#Headers],0),FALSE)))),"-",IF(SQRT(((N12/2)+(N$15-VLOOKUP(MachinesUSBDia,Machines[],MATCH(N13,Machines[#Headers],0),FALSE)/2))^2-VLOOKUP(MachinesConstantHF,Machines[],MATCH(N13,Machines[#Headers],0),FALSE)^2)-VLOOKUP(MachinesConstantVF,Machines[],MATCH(N13,Machines[#Headers],0),FALSE)+VLOOKUP(MachinesUSBDia,Machines[],MATCH(N13,Machines[#Headers],0),FALSE)/2<0,"-", SQRT(((N12/2)+(N$15-VLOOKUP(MachinesUSBDia,Machines[],MATCH(N13,Machines[#Headers],0),FALSE)/2))^2-VLOOKUP(MachinesConstantHF,Machines[],MATCH(N13,Machines[#Headers],0),FALSE)^2)-VLOOKUP(MachinesConstantVF,Machines[],MATCH(N13,Machines[#Headers],0),FALSE)+VLOOKUP(MachinesUSBDia,Machines[],MATCH(N13,Machines[#Headers],0),FALSE)/2))) -> 97.099751 | ... T19: =IF(T13="",IF(ISERROR(SQRT(((T12/2)+(T$15-VariableUSBDia/2))^2-VariableVHF^2)-ConstantVF+VariableUSBDia/2),"-",IF(SQRT(((T12/2)+(T$15-$C$16/2))^2-VariableVHF^2)-ConstantVF+VariableUSBDia/2<0,"-", SQRT(((T12/2)+(T$15-VariableUSBDia/2))^2-VariableVHF^2)-ConstantVF+VariableUSBDia/2)),IF(OR(ISERROR(SQRT(((T12/2)+(T$15-VLOOKUP(MachinesUSBDia,Machines[],MATCH(T13,Machines[#Headers],0),FALSE)/2))^2-VLOOKUP(MachinesConstantHF,Machines[],MATCH(T13,Machines[#Headers],0),FALSE)^2)-VLOOKUP(MachinesConstantVF,Machines[],MATCH(T13,Machines[#Headers],0),FALSE)+VLOOKUP(MachinesUSBDia,Machines[],MATCH(T13,Machines[#Headers],0),FALSE)/2),NOT(ISNUMBER(VLOOKUP(MachinesConstantHF,Machines[],MATCH(T13,Machines[#Headers],0),FALSE))),NOT(ISNUMBER(VLOOKUP(MachinesConstantVF,Machines[],MATCH(T13,Machines[#Headers],0),FALSE)))),"-",IF(SQRT(((T12/2)+(T$15-VLOOKUP(MachinesUSBDia,Machines[],MATCH(T13,Machines[#Headers],0),FALSE)/2))^2-VLOOKUP(MachinesConstantHF,Machines[],MATCH(T13,Machines[#Headers],0),FALSE)^2)-VLOOKUP(MachinesConstantVF,Machines[],MATCH(T13,Machines[#Headers],0),FALSE)+VLOOKUP(MachinesUSBDia,Machines[],MATCH(T13,Machines[#Headers],0),FALSE)/2<0,"-", SQRT(((T12/2)+(T$15-VLOOKUP(MachinesUSBDia,Machines[],MATCH(T13,Machines[#Headers],0),FALSE)/2))^2-VLOOKUP(MachinesConstantHF,Machines[],MATCH(T13,Machines[#Headers],0),FALSE)^2)-VLOOKUP(MachinesConstantVF,Machines[],MATCH(T13,Machines[#Headers],0),FALSE)+VLOOKUP(MachinesUSBDia,Machines[],MATCH(T13,Machines[#Headers],0),FALSE)/2))) -> 60.263674
B20: Constant VH - Horizontal USB [mm] | C20: =IF(OR($D$20=0,ISTEXT($D$20)),DefaultConstantVH,$D$20) -> 81.1
B21: Variable length HF - Frontal vertical base [mm] | C21: =IF(OR($D$21=0,ISTEXT($D$21)),DefaultConstantVH+DefaultConstantFVBBody+$C$13,$D$21+$C$13) -> 142.8
B22: Constant VF - Frontal vertical base [mm] | C22: =IF(OR($D$22=0,ISTEXT($D$22)),DefaultConstantVF,$D$22) -> 56
B25: Jig-length to knife edge JG [mm] | C25: =VariableJPL-(VariableUSBDia/2) -> 132
B26: Jig-center to USB-center offset JC [mm] | C26: =IF(VariableJTD=NotAvailable,NotAvailable,VariableJTD/2+VariableUSBDia/2) -> 12
B27: USB-center to knife edge CG [mm] | C27: =IF(VariableJC=NotAvailable,NotAvailable,SQRT(VariableJC^2+VariableJG^2)) -> 132.54433
B28: Angular offset ∂k [°] | C28: =IF(VariableJC=NotAvailable,NotAvailable,DEGREES(ATAN(VariableJC/VariableJG))) -> 5.1944289
B31: =IF(OR($C$4="",$C$4=SheetName01),InCellName01&" info",IF($C$4=SheetName02,InCellName02&" info","")) -> Knife info
B32: Last Grinded | Measured angle (before sharp.) [°] | C32: =IF(AND($C$7<>"",NOT(ISERROR(MATCH($C$7,INDIRECT($C$4&"ListTable["&INDIRECT("$C$4")&"List]"),0)))),IF(INDEX(INDIRECT($C$4&"[Grinded]"),MATCH($C$7,INDIRECT($C$4&"ListTable["&INDIRECT("$C$4")&"List]"),0))<>"",INDEX(INDIRECT($C$4&"[Grinded]"),MATCH($C$7,INDIRECT($C$4&"ListTable["&INDIRECT("$C$4")&"List]"),0)),NotAvailable),"") -> 20 | D32: =IF(AND($C$7<>"",NOT(ISERROR(MATCH($C$7,INDIRECT($C$4&"ListTable["&INDIRECT("$C$4")&"List]"),0)))),IF(INDEX(INDIRECT($C$4&"[Measured]"),MATCH($C$7,INDIRECT($C$4&"ListTable["&INDIRECT("$C$4")&"List]"),0))<>"",INDEX(INDIRECT($C$4&"[Measured]"),MATCH($C$7,INDIRECT($C$4&"ListTable["&INDIRECT("$C$4")&"List]"),0)),NotAvailable),"") -> 22.1
B33: =IF(OR($C$4="",$C$4=INDIRECT("Settings!"&ADDRESS(ROW(SheetNames[#Headers])+1,COLUMN(SheetNames[#Headers])))),"Last used jig | Jig diameter [mm]",IF($C$4=INDIRECT("Settings!"&ADDRESS(ROW(SheetNames[#Headers])+2,COLUMN(SheetNames[#Headers]))),"Last used jig | Jig diameter [mm]","")) -> Last used jig | Jig diameter [mm] | C33: =IF(AND($C$7<>"",NOT(ISERROR(MATCH($C$7,INDIRECT($C$4&"ListTable["&INDIRECT("$C$4")&"List]"),0)))),IF(INDEX(INDIRECT($C$4&"[Jig type]"),MATCH($C$7,INDIRECT($C$4&"ListTable["&INDIRECT("$C$4")&"List]"),0))<>"",INDEX(INDIRECT($C$4&"[Jig type]"),MATCH($C$7,INDIRECT($C$4&"ListTable["&INDIRECT("$C$4")&"List]"),0)),NotAvailable),"") -> SVM-45 E | D33: =IF(AND($C$7<>"",NOT(ISERROR(MATCH($C$7,INDIRECT($C$4&"ListTable["&INDIRECT("$C$4")&"List]"),0)))),IF(INDEX(INDIRECT($C$4&"[Jig dia M]"),MATCH($C$7,INDIRECT($C$4&"ListTable["&INDIRECT("$C$4")&"List]"),0))<>"",INDEX(INDIRECT($C$4&"[Jig dia M]"),MATCH($C$7,INDIRECT($C$4&"ListTable["&INDIRECT("$C$4")&"List]"),0)),NotAvailable),"") -> 15.3
B34: =IF(OR($C$4="",$C$4=INDIRECT("Settings!"&ADDRESS(ROW(SheetNames[#Headers])+1,COLUMN(SheetNames[#Headers])))),"Clamping from Guard / Spine [mm]",IF($C$4=INDIRECT("Settings!"&ADDRESS(ROW(SheetNames[#Headers])+2,COLUMN(SheetNames[#Headers]))),"Clamping from the Jig / Side [mm]",""))&IF(AND($C$7<>"",NOT(ISERROR(MATCH($C$7,INDIRECT($C$4&"ListTable["&INDIRECT("$C$4")&"List]"),0)))), IF(INDEX(INDIRECT($C$4&"[Jig setting]"),MATCH($C$7,INDIRECT($C$4&"ListTable["&INDIRECT("$C$4")&"List]"),0))<>""," | Jig setting",""),"") -> Clamping from Guard / Spine [mm] | C34: =IF(AND($C$7<>"",NOT(ISERROR(MATCH($C$7,INDIRECT($C$4&"ListTable["&INDIRECT("$C$4")&"List]"),0)))),IF(INDEX(INDIRECT($C$4&"[from G]"),MATCH($C$7,INDIRECT($C$4&"ListTable["&INDIRECT("$C$4")&"List]"),0))<>"",TEXT(INDEX(INDIRECT($C$4&"[from G]"),MATCH($C$7,INDIRECT($C$4&"ListTable["&INDIRECT("$C$4")&"List]"),0)),"0,0"),"?")&" / "&IF(INDEX(INDIRECT($C$4&"[from S]"),MATCH($C$7,INDIRECT($C$4&"ListTable["&INDIRECT("$C$4")&"List]"),0))<>"",TEXT(INDEX(INDIRECT($C$4&"[from S]"),MATCH($C$7,INDIRECT($C$4&"ListTable["&INDIRECT("$C$4")&"List]"),0)),"0,0"),"?"),"") -> 4,0 / 11,5 | D34: =IF(AND($C$7<>"",NOT(ISERROR(MATCH($C$7,INDIRECT($C$4&"ListTable["&INDIRECT("$C$4")&"List]"),0)))), IF(INDEX(INDIRECT($C$4&"[Jig setting]"),MATCH($C$7,INDIRECT($C$4&"ListTable["&INDIRECT("$C$4")&"List]"),0))<>"",TEXT(INDEX(INDIRECT($C$4&"[Jig setting]"),MATCH($C$7,INDIRECT($C$4&"ListTable["&INDIRECT("$C$4")&"List]"),0)),"0"),""),"")
B35: Edge thickness | Edge height [mm] | C35: =IF(AND($C$7<>"",NOT(ISERROR(MATCH($C$7,INDIRECT($C$4&"ListTable["&INDIRECT("$C$4")&"List]"),0)))),IF(INDEX(INDIRECT($C$4&"[Edge thickness]"),MATCH($C$7,INDIRECT($C$4&"ListTable["&INDIRECT("$C$4")&"List]"),0))<>"",INDEX(INDIRECT($C$4&"[Edge thickness]"),MATCH($C$7,INDIRECT($C$4&"ListTable["&INDIRECT("$C$4")&"List]"),0)),""),"") -> 0.8 | D35: =IF(AND($C$7<>"",NOT(ISERROR(MATCH($C$7,INDIRECT($C$4&"ListTable["&INDIRECT("$C$4")&"List]"),0)))),IF(INDEX(INDIRECT($C$4&"[Edge height]"),MATCH($C$7,INDIRECT($C$4&"ListTable["&INDIRECT("$C$4")&"List]"),0))<>"",INDEX(INDIRECT($C$4&"[Edge height]"),MATCH($C$7,INDIRECT($C$4&"ListTable["&INDIRECT("$C$4")&"List]"),0)),""),"") -> 1
B36: Last USB height [mm] | C36: =IF(AND($C$7<>"",NOT(ISERROR(MATCH($C$7,INDIRECT($C$4&"ListTable["&INDIRECT("$C$4")&"List]"),0)))),IF(INDEX(INDIRECT($C$4&"[USB height]"),MATCH($C$7,INDIRECT($C$4&"ListTable["&INDIRECT("$C$4")&"List]"),0))<>"",INDEX(INDIRECT($C$4&"[USB height]"),MATCH($C$7,INDIRECT($C$4&"ListTable["&INDIRECT("$C$4")&"List]"),0)),""),"")
B37: Grind profile | C37: =IF(AND($C$7<>"",NOT(ISERROR(MATCH($C$7,INDIRECT($C$4&"ListTable["&INDIRECT("$C$4")&"List]"),0)))),IF(INDEX(INDIRECT($C$4&"[Grind profile]"),MATCH($C$7,INDIRECT($C$4&"ListTable["&INDIRECT("$C$4")&"List]"),0))<>"",INDEX(INDIRECT($C$4&"[Grind profile]"),MATCH($C$7,INDIRECT($C$4&"ListTable["&INDIRECT("$C$4")&"List]"),0)),""),"") -> High Flat
B38: Last sharpenning procedure | C38: =IF(AND($C$7<>"",NOT(ISERROR(MATCH($C$7,INDIRECT($C$4&"ListTable["&INDIRECT("$C$4")&"List]"),0)))),IF(INDEX(INDIRECT($C$4&"[Procedure]"),MATCH($C$7,INDIRECT($C$4&"ListTable["&INDIRECT("$C$4")&"List]"),0))<>"",INDEX(INDIRECT($C$4&"[Procedure]"),MATCH($C$7,INDIRECT($C$4&"ListTable["&INDIRECT("$C$4")&"List]"),0)),""),"") -> SG, ST800, SJ, LA-Chromox
B39: Blade material | C39: =IF(AND($C$7<>"",NOT(ISERROR(MATCH($C$7,INDIRECT($C$4&"ListTable["&INDIRECT("$C$4")&"List]"),0)))),IF(INDEX(INDIRECT($C$4&"[Material]"),MATCH($C$7,INDIRECT($C$4&"ListTable["&INDIRECT("$C$4")&"List]"),0))<>"",INDEX(INDIRECT($C$4&"[Material]"),MATCH($C$7,INDIRECT($C$4&"ListTable["&INDIRECT("$C$4")&"List]"),0)),""),"") -> D2
B40: Notes:
B41: =IF(AND($C$7<>"",NOT(ISERROR(MATCH($C$7,INDIRECT($C$4&"ListTable["&INDIRECT("$C$4")&"List]"),0)))),IF(INDEX(INDIRECT($C$4&"[Notes]"),MATCH($C$7,INDIRECT($C$4&"ListTable["&INDIRECT("$C$4")&"List]"),0))<>"",INDEX(INDIRECT($C$4&"[Notes]"),MATCH($C$7,INDIRECT($C$4&"ListTable["&INDIRECT("$C$4")&"List]"),0)),""),"") -> Uneven grinding from the factory, grinding angle corrected to 20 °.

Sheet Knives
C2: Knife specification | R2: Jig specification | V2: Clamping (Guard/Spine) [mm] | X2: Measurement | Y2: Sharpening | Z2: Edge bevel angle Δ [°]
B3: Index | C3: Manufacturer | D3: Model | E3: Owner | F3: Total length | G3: Blade length | H3: Edge length | I3: Blade height | J3: Thickness | K3: Grind profile | L3: Grind height | M3: Blade bevel | N3: Edge thickness | O3: Edge height | P3: Material | Q3: HRC | R3: Jig type | S3: Jig proj. X | T3: Jig dia M | U3: Jig setting | V3: from G | W3: from S | X3: USB height | Y3: Procedure | Z3: Declared (manufacturer specification) | AA3: Measured | AB3: Grinded | AC3: Bess | AD3: Notes | AE3: Picture | AG3: KnivesList
B4: =IF(C4<>"",ROW(A1),"") -> 1 | C4: ANV | D4: P200 | E4: - | F4: 221 | G4: 97 | H4: 99 | I4: 28 | J4: 3.5 | K4: High Flat | L4: 20 | M4: 10 | N4: 0.8 | O4: 1 | P4: D2 | Q4: 58 | R4: SVM-45 E | S4: 138 | T4: 15.3 | V4: 4 | W4: 11.5 | Y4: SG, ST800, SJ, LA-Chromox | AA4: 22.1 | AB4: 20 | AD4: Uneven grinding from the factory, grinding angle corrected to 20 °. | AE4: =IF(C4<>"",HYPERLINK(CONCATENATE(SheetName01,"\",Knives[[#This Row],[Manufacturer]],IF(Knives[[#This Row],[Model]]<>""," "&Knives[[#This Row],[Model]],),".jpg"),CONCATENATE(Knives[[#This Row],[Manufacturer]],IF(Knives[[#This Row],[Model]]<>""," "&Knives[[#This Row],[Model]],),".jpg")),"") -> ANV P200.jpg | AG4: =IF(B4="","",(CONCATENATE(TEXT(B4,"000")," ",C4," ",D4))) -> 001 ANV P200
B5: =IF(C5<>"",ROW(A2),"") -> 2 | C5: Leomatik | D5: XL | E5: - | F5: 252 | G5: 133 | H5: 110 | I5: 70 | J5: 4.3 | K5: Hollow | P5: CMV-5 | Q5: 59 | R5: SVM-45 | S5: 182 | T5: 12 | V5: 25 | W5: 13 | Y5: ST800, SJ, LA, LA-FlexCut | AA5: 20.5 | AB5: 20 | AD5: Grinded on FVB, offset F = 75 mm. | AE5: =IF(C5<>"",HYPERLINK(CONCATENATE(SheetName01,"\",Knives[[#This Row],[Manufacturer]],IF(Knives[[#This Row],[Model]]<>""," "&Knives[[#This Row],[Model]],),".jpg"),CONCATENATE(Knives[[#This Row],[Manufacturer]],IF(Knives[[#This Row],[Model]]<>""," "&Knives[[#This Row],[Model]],),".jpg")),"") -> Leomatik XL.jpg | AG5: =IF(B5="","",(CONCATENATE(TEXT(B5,"000")," ",C5," ",D5))) -> 002 Leomatik XL
B6: =IF(C6<>"",ROW(A3),"") | AE6: =IF(C6<>"",HYPERLINK(CONCATENATE(SheetName01,"\",Knives[[#This Row],[Manufacturer]],IF(Knives[[#This Row],[Model]]<>""," "&Knives[[#This Row],[Model]],),".jpg"),CONCATENATE(Knives[[#This Row],[Manufacturer]],IF(Knives[[#This Row],[Model]]<>""," "&Knives[[#This Row],[Model]],),".jpg")),"") | AG6: =IF(B6="","",(CONCATENATE(TEXT(B6,"000")," ",C6," ",D6)))
B7: =IF(C7<>"",ROW(A4),"") | AE7: =IF(C7<>"",HYPERLINK(CONCATENATE(SheetName01,"\",Knives[[#This Row],[Manufacturer]],IF(Knives[[#This Row],[Model]]<>""," "&Knives[[#This Row],[Model]],),".jpg"),CONCATENATE(Knives[[#This Row],[Manufacturer]],IF(Knives[[#This Row],[Model]]<>""," "&Knives[[#This Row],[Model]],),".jpg")),"") | AG7: =IF(B7="","",(CONCATENATE(TEXT(B7,"000")," ",C7," ",D7)))
B8: =IF(C8<>"",ROW(A5),"") | AE8: =IF(C8<>"",HYPERLINK(CONCATENATE(SheetName01,"\",Knives[[#This Row],[Manufacturer]],IF(Knives[[#This Row],[Model]]<>""," "&Knives[[#This Row],[Model]],),".jpg"),CONCATENATE(Knives[[#This Row],[Manufacturer]],IF(Knives[[#This Row],[Model]]<>""," "&Knives[[#This Row],[Model]],),".jpg")),"") | AG8: =IF(B8="","",(CONCATENATE(TEXT(B8,"000")," ",C8," ",D8)))
B9: =IF(C9<>"",ROW(A6),"") | AE9: =IF(C9<>"",HYPERLINK(CONCATENATE(SheetName01,"\",Knives[[#This Row],[Manufacturer]],IF(Knives[[#This Row],[Model]]<>""," "&Knives[[#This Row],[Model]],),".jpg"),CONCATENATE(Knives[[#This Row],[Manufacturer]],IF(Knives[[#This Row],[Model]]<>""," "&Knives[[#This Row],[Model]],),".jpg")),"") | AG9: =IF(B9="","",(CONCATENATE(TEXT(B9,"000")," ",C9," ",D9)))
B10: =IF(C10<>"",ROW(A7),"") | AE10: =IF(C10<>"",HYPERLINK(CONCATENATE(SheetName01,"\",Knives[[#This Row],[Manufacturer]],IF(Knives[[#This Row],[Model]]<>""," "&Knives[[#This Row],[Model]],),".jpg"),CONCATENATE(Knives[[#This Row],[Manufacturer]],IF(Knives[[#This Row],[Model]]<>""," "&Knives[[#This Row],[Model]],),".jpg")),"") | AG10: =IF(B10="","",(CONCATENATE(TEXT(B10,"000")," ",C10," ",D10)))
B11: =IF(C11<>"",ROW(A8),"") | AE11: =IF(C11<>"",HYPERLINK(CONCATENATE(SheetName01,"\",Knives[[#This Row],[Manufacturer]],IF(Knives[[#This Row],[Model]]<>""," "&Knives[[#This Row],[Model]],),".jpg"),CONCATENATE(Knives[[#This Row],[Manufacturer]],IF(Knives[[#This Row],[Model]]<>""," "&Knives[[#This Row],[Model]],),".jpg")),"") | AG11: =IF(B11="","",(CONCATENATE(TEXT(B11,"000")," ",C11," ",D11)))
B12: =IF(C12<>"",ROW(A9),"") | AE12: =IF(C12<>"",HYPERLINK(CONCATENATE(SheetName01,"\",Knives[[#This Row],[Manufacturer]],IF(Knives[[#This Row],[Model]]<>""," "&Knives[[#This Row],[Model]],),".jpg"),CONCATENATE(Knives[[#This Row],[Manufacturer]],IF(Knives[[#This Row],[Model]]<>""," "&Knives[[#This Row],[Model]],),".jpg")),"") | AG12: =IF(B12="","",(CONCATENATE(TEXT(B12,"000")," ",C12," ",D12)))
B13: =IF(C13<>"",ROW(A10),"") | AE13: =IF(C13<>"",HYPERLINK(CONCATENATE(SheetName01,"\",Knives[[#This Row],[Manufacturer]],IF(Knives[[#This Row],[Model]]<>""," "&Knives[[#This Row],[Model]],),".jpg"),CONCATENATE(Knives[[#This Row],[Manufacturer]],IF(Knives[[#This Row],[Model]]<>""," "&Knives[[#This Row],[Model]],),".jpg")),"") | AG13: =IF(B13="","",(CONCATENATE(TEXT(B13,"000")," ",C13," ",D13)))
B14: =IF(C14<>"",ROW(A11),"") | AE14: =IF(C14<>"",HYPERLINK(CONCATENATE(SheetName01,"\",Knives[[#This Row],[Manufacturer]],IF(Knives[[#This Row],[Model]]<>""," "&Knives[[#This Row],[Model]],),".jpg"),CONCATENATE(Knives[[#This Row],[Manufacturer]],IF(Knives[[#This Row],[Model]]<>""," "&Knives[[#This Row],[Model]],),".jpg")),"") | AG14: =IF(B14="","",(CONCATENATE(TEXT(B14,"000")," ",C14," ",D14)))
B15: =IF(C15<>"",ROW(A12),"") | AE15: =IF(C15<>"",HYPERLINK(CONCATENATE(SheetName01,"\",Knives[[#This Row],[Manufacturer]],IF(Knives[[#This Row],[Model]]<>""," "&Knives[[#This Row],[Model]],),".jpg"),CONCATENATE(Knives[[#This Row],[Manufacturer]],IF(Knives[[#This Row],[Model]]<>""," "&Knives[[#This Row],[Model]],),".jpg")),"") | AG15: =IF(B15="","",(CONCATENATE(TEXT(B15,"000")," ",C15," ",D15)))
B16: =IF(C16<>"",ROW(A13),"") | AE16: =IF(C16<>"",HYPERLINK(CONCATENATE(SheetName01,"\",Knives[[#This Row],[Manufacturer]],IF(Knives[[#This Row],[Model]]<>""," "&Knives[[#This Row],[Model]],),".jpg"),CONCATENATE(Knives[[#This Row],[Manufacturer]],IF(Knives[[#This Row],[Model]]<>""," "&Knives[[#This Row],[Model]],),".jpg")),"") | AG16: =IF(B16="","",(CONCATENATE(TEXT(B16,"000")," ",C16," ",D16)))
B17: =IF(C17<>"",ROW(A14),"") | AE17: =IF(C17<>"",HYPERLINK(CONCATENATE(SheetName01,"\",Knives[[#This Row],[Manufacturer]],IF(Knives[[#This Row],[Model]]<>""," "&Knives[[#This Row],[Model]],),".jpg"),CONCATENATE(Knives[[#This Row],[Manufacturer]],IF(Knives[[#This Row],[Model]]<>""," "&Knives[[#This Row],[Model]],),".jpg")),"") | AG17: =IF(B17="","",(CONCATENATE(TEXT(B17,"000")," ",C17," ",D17)))
... B255: =IF(C255<>"",ROW(A252),"") | AE255: =IF(C255<>"",HYPERLINK(CONCATENATE(SheetName01,"\",Knives[[#This Row],[Manufacturer]],IF(Knives[[#This Row],[Model]]<>""," "&Knives[[#This Row],[Model]],),".jpg"),CONCATENATE(Knives[[#This Row],[Manufacturer]],IF(Knives[[#This Row],[Model]]<>""," "&Knives[[#This Row],[Model]],),".jpg")),"") | AG255: =IF(B255="","",(CONCATENATE(TEXT(B255,"000")," ",C255," ",D255)))

Sheet Tools
C2: Tool specification | R2: Jig specification | V2: Clamping (jiG/Side) [mm] | X2: Measurement | Y2: Sharpening | Z2: Edge bevel angle Δ [°]
B3: Index | C3: Manufacturer | D3: Model | E3: Owner | F3: Total length | G3: Blade length | H3: Edge length | I3: Blade height | J3: Thickness | K3: Grind profile | L3: Grind height | M3: Blade bevel | N3: Edge thickness | O3: Edge height | P3: Material | Q3: HRC | R3: Jig type | S3: Jig proj. X | T3: Jig dia M | U3: Jig setting | V3: from G | W3: from S | X3: USB height | Y3: Procedure | Z3: Declared (manufacturer specification) | AA3: Measured | AB3: Grinded | AC3: Bess | AD3: Notes | AE3: Picture | AG3: ToolsList
B4: =IF(C4<>"",ROW(A1),"") -> 1 | C4: Jernbolaget Eskilstuna | D4: Chisel 25 | E4: - | F4: 294 | G4: 160 | H4: 126 | I4: 24.8 | J4: 7.2 | K4: Chisel | L4: 8.8 | N4: 3.9 | O4: 8.5 | R4: SE-77 | S4: 66.1 | T4: 49.2 | V4: 66.1 | W4: 0 | Y4: SG, SG+, LA | AB4: 22.5 | AE4: =IF(C4<>"",HYPERLINK(CONCATENATE(SheetName02,"\",Tools[[#This Row],[Manufacturer]],IF(Tools[[#This Row],[Model]]<>""," "&Tools[[#This Row],[Model]],),".jpg"),CONCATENATE(Tools[[#This Row],[Manufacturer]],IF(Tools[[#This Row],[Model]]<>""," "&Tools[[#This Row],[Model]],),".jpg")),"") -> Jernbolaget Eskilstuna Chisel 25.jpg | AG4: =IF(B4="","",(CONCATENATE(TEXT(B4,"000")," ",C4," ",D4))) -> 001 Jernbolaget Eskilstuna Chisel 25
B5: =IF(C5<>"",ROW(A2),"") -> 2 | C5: Round Nose Scraper | D5: 14 | E5: - | F5: 197 | G5: 71 | H5: 46 | I5: 13.3 | J5: 5.6 | K5: Chisel | N5: 3.7 | R5: SVD-186 | S5: 29 | U5: Position 3 | V5: 29 | W5: 0 | X5: H USB 50,9 | Y5: SG, ST800, SJ, LA-FlexCut | AD5: Grinded original angle through marker method. | AE5: =IF(C5<>"",HYPERLINK(CONCATENATE(SheetName02,"\",Tools[[#This Row],[Manufacturer]],IF(Tools[[#This Row],[Model]]<>""," "&Tools[[#This Row],[Model]],),".jpg"),CONCATENATE(Tools[[#This Row],[Manufacturer]],IF(Tools[[#This Row],[Model]]<>""," "&Tools[[#This Row],[Model]],),".jpg")),"") -> Round Nose Scraper 14.jpg | AG5: =IF(B5="","",(CONCATENATE(TEXT(B5,"000")," ",C5," ",D5))) -> 002 Round Nose Scraper 14
B6: =IF(C6<>"",ROW(A3),"") | AE6: =IF(C6<>"",HYPERLINK(CONCATENATE(SheetName02,"\",Tools[[#This Row],[Manufacturer]],IF(Tools[[#This Row],[Model]]<>""," "&Tools[[#This Row],[Model]],),".jpg"),CONCATENATE(Tools[[#This Row],[Manufacturer]],IF(Tools[[#This Row],[Model]]<>""," "&Tools[[#This Row],[Model]],),".jpg")),"") | AG6: =IF(B6="","",(CONCATENATE(TEXT(B6,"000")," ",C6," ",D6)))
B7: =IF(C7<>"",ROW(A4),"") | AE7: =IF(C7<>"",HYPERLINK(CONCATENATE(SheetName02,"\",Tools[[#This Row],[Manufacturer]],IF(Tools[[#This Row],[Model]]<>""," "&Tools[[#This Row],[Model]],),".jpg"),CONCATENATE(Tools[[#This Row],[Manufacturer]],IF(Tools[[#This Row],[Model]]<>""," "&Tools[[#This Row],[Model]],),".jpg")),"") | AG7: =IF(B7="","",(CONCATENATE(TEXT(B7,"000")," ",C7," ",D7)))
B8: =IF(C8<>"",ROW(A5),"") | AE8: =IF(C8<>"",HYPERLINK(CONCATENATE(SheetName02,"\",Tools[[#This Row],[Manufacturer]],IF(Tools[[#This Row],[Model]]<>""," "&Tools[[#This Row],[Model]],),".jpg"),CONCATENATE(Tools[[#This Row],[Manufacturer]],IF(Tools[[#This Row],[Model]]<>""," "&Tools[[#This Row],[Model]],),".jpg")),"") | AG8: =IF(B8="","",(CONCATENATE(TEXT(B8,"000")," ",C8," ",D8)))
B9: =IF(C9<>"",ROW(A6),"") | AE9: =IF(C9<>"",HYPERLINK(CONCATENATE(SheetName02,"\",Tools[[#This Row],[Manufacturer]],IF(Tools[[#This Row],[Model]]<>""," "&Tools[[#This Row],[Model]],),".jpg"),CONCATENATE(Tools[[#This Row],[Manufacturer]],IF(Tools[[#This Row],[Model]]<>""," "&Tools[[#This Row],[Model]],),".jpg")),"") | AG9: =IF(B9="","",(CONCATENATE(TEXT(B9,"000")," ",C9," ",D9)))
B10: =IF(C10<>"",ROW(A7),"") | AE10: =IF(C10<>"",HYPERLINK(CONCATENATE(SheetName02,"\",Tools[[#This Row],[Manufacturer]],IF(Tools[[#This Row],[Model]]<>""," "&Tools[[#This Row],[Model]],),".jpg"),CONCATENATE(Tools[[#This Row],[Manufacturer]],IF(Tools[[#This Row],[Model]]<>""," "&Tools[[#This Row],[Model]],),".jpg")),"") | AG10: =IF(B10="","",(CONCATENATE(TEXT(B10,"000")," ",C10," ",D10)))
B11: =IF(C11<>"",ROW(A8),"") | AE11: =IF(C11<>"",HYPERLINK(CONCATENATE(SheetName02,"\",Tools[[#This Row],[Manufacturer]],IF(Tools[[#This Row],[Model]]<>""," "&Tools[[#This Row],[Model]],),".jpg"),CONCATENATE(Tools[[#This Row],[Manufacturer]],IF(Tools[[#This Row],[Model]]<>""," "&Tools[[#This Row],[Model]],),".jpg")),"") | AG11: =IF(B11="","",(CONCATENATE(TEXT(B11,"000")," ",C11," ",D11)))
B12: =IF(C12<>"",ROW(A9),"") | AE12: =IF(C12<>"",HYPERLINK(CONCATENATE(SheetName02,"\",Tools[[#This Row],[Manufacturer]],IF(Tools[[#This Row],[Model]]<>""," "&Tools[[#This Row],[Model]],),".jpg"),CONCATENATE(Tools[[#This Row],[Manufacturer]],IF(Tools[[#This Row],[Model]]<>""," "&Tools[[#This Row],[Model]],),".jpg")),"") | AG12: =IF(B12="","",(CONCATENATE(TEXT(B12,"000")," ",C12," ",D12)))
B13: =IF(C13<>"",ROW(A10),"") | AE13: =IF(C13<>"",HYPERLINK(CONCATENATE(SheetName02,"\",Tools[[#This Row],[Manufacturer]],IF(Tools[[#This Row],[Model]]<>""," "&Tools[[#This Row],[Model]],),".jpg"),CONCATENATE(Tools[[#This Row],[Manufacturer]],IF(Tools[[#This Row],[Model]]<>""," "&Tools[[#This Row],[Model]],),".jpg")),"") | AG13: =IF(B13="","",(CONCATENATE(TEXT(B13,"000")," ",C13," ",D13)))
B14: =IF(C14<>"",ROW(A11),"") | AE14: =IF(C14<>"",HYPERLINK(CONCATENATE(SheetName02,"\",Tools[[#This Row],[Manufacturer]],IF(Tools[[#This Row],[Model]]<>""," "&Tools[[#This Row],[Model]],),".jpg"),CONCATENATE(Tools[[#This Row],[Manufacturer]],IF(Tools[[#This Row],[Model]]<>""," "&Tools[[#This Row],[Model]],),".jpg")),"") | AG14: =IF(B14="","",(CONCATENATE(TEXT(B14,"000")," ",C14," ",D14)))
B15: =IF(C15<>"",ROW(A12),"") | AE15: =IF(C15<>"",HYPERLINK(CONCATENATE(SheetName02,"\",Tools[[#This Row],[Manufacturer]],IF(Tools[[#This Row],[Model]]<>""," "&Tools[[#This Row],[Model]],),".jpg"),CONCATENATE(Tools[[#This Row],[Manufacturer]],IF(Tools[[#This Row],[Model]]<>""," "&Tools[[#This Row],[Model]],),".jpg")),"") | AG15: =IF(B15="","",(CONCATENATE(TEXT(B15,"000")," ",C15," ",D15)))
B16: =IF(C16<>"",ROW(A13),"") | AE16: =IF(C16<>"",HYPERLINK(CONCATENATE(SheetName02,"\",Tools[[#This Row],[Manufacturer]],IF(Tools[[#This Row],[Model]]<>""," "&Tools[[#This Row],[Model]],),".jpg"),CONCATENATE(Tools[[#This Row],[Manufacturer]],IF(Tools[[#This Row],[Model]]<>""," "&Tools[[#This Row],[Model]],),".jpg")),"") | AG16: =IF(B16="","",(CONCATENATE(TEXT(B16,"000")," ",C16," ",D16)))
B17: =IF(C17<>"",ROW(A14),"") | AE17: =IF(C17<>"",HYPERLINK(CONCATENATE(SheetName02,"\",Tools[[#This Row],[Manufacturer]],IF(Tools[[#This Row],[Model]]<>""," "&Tools[[#This Row],[Model]],),".jpg"),CONCATENATE(Tools[[#This Row],[Manufacturer]],IF(Tools[[#This Row],[Model]]<>""," "&Tools[[#This Row],[Model]],),".jpg")),"") | AG17: =IF(B17="","",(CONCATENATE(TEXT(B17,"000")," ",C17," ",D17)))
... B255: =IF(C255<>"",ROW(A252),"") | AE255: =IF(C255<>"",HYPERLINK(CONCATENATE(SheetName02,"\",Tools[[#This Row],[Manufacturer]],IF(Tools[[#This Row],[Model]]<>""," "&Tools[[#This Row],[Model]],),".jpg"),CONCATENATE(Tools[[#This Row],[Manufacturer]],IF(Tools[[#This Row],[Model]]<>""," "&Tools[[#This Row],[Model]],),".jpg")),"") | AG255: =IF(B255="","",(CONCATENATE(TEXT(B255,"000")," ",C255," ",D255)))

Sheet BevelCalc
B2: BevelCalc
C4: Used value | D4: Input
B5: Jig selection
B7: Wheel diameter D [mm] or wheel type | C7: =IF($D$7<=0,DefaultWheelDia,IF(ISTEXT($D$7),IF(ISNA(HLOOKUP($D$7,TormekCalc!$G$4:$S$12,9,0)),250,HLOOKUP($D$7,TormekCalc!$G$4:$S$12,9,0)),$D$7)) -> 250 | D7: SG-250
B8: Jig or Tool projection length X [mm] | C8: =IF($D$8=0,IF($C$5="",DefaultJPL,IF(ISERROR(MATCH($C$5,Jigs!$D6:$D105,0)),DefaultJPL,IF( AND(ISNUMBER(INDEX(Jigs!$H6:$H105,MATCH($C$5,Jigs!$D$6:$D$105,0))),INDEX(Jigs!$H6:$H105,MATCH($C$5,Jigs!$D$6:$D$105,0))<>0),INDEX(Jigs!$H6:$H105,MATCH($C$5,Jigs!$D$6:$D$105,0))+$D$8, DefaultJPL))),IF($C$5="",IF(ISNUMBER($D$8),$D$8,DefaultJPL),IF(ISERROR(MATCH($C$5,Jigs!$D6:$D105,0)),DefaultJPL,IF(AND(ISNUMBER(INDEX(Jigs!$H6:$H105,MATCH($C$5,Jigs!$D$6:$D$105,0))),INDEX(Jigs!$H6:$H105,MATCH($C$5,Jigs!$D$6:$D$105,0))<>0),INDEX(Jigs!$H6:$H105,MATCH($C$5,Jigs!$D$6:$D$105,0))+$D$8,$D$8)))) -> 138 | D8: 138
B9: Jig or Tool diameter M [mm] | C9: =IF($D$9=0,IF(C5="",DefaultKJD,IF(ISERROR(MATCH($C$5,Jigs!$D6:$D105,0)),DefaultKJD,IF(AND(ISNUMBER(INDEX(Jigs!$F6:$F105,MATCH($C$5,Jigs!$D$6:$D$105,0))),INDEX(Jigs!$F6:$F105,MATCH($C$5,Jigs!$D$6:$D$105,0))>0),INDEX(Jigs!$F6:$F105,MATCH($C$5,Jigs!$D$6:$D$105,0)),DefaultKJD))),$D$9) -> 12
B11: Top of USB to wheel surface T [mm] | C11: =IF(OR($D$11<=$C$19,ISTEXT($D$11)),,$D$11) -> 85.11 | D11: 85.11
B12: or input a height of USB
B13: Vertical USB height (Height VUSB) [mm] | C13: =IF(OR($D$13<Min_H_VUSB_105,$D$13>Max_H_VUSB_430,ISTEXT($D$13)),,$D$13) -> 0
B14: Horizontal USB height (Height HUSB) [mm] | C14: =IF(OR($D$14<Min_H_HFUSB_105,$D$14>Max_H_HFUSB_430,ISTEXT($D$14)),,$D$14) -> 0
B15: Frontal vertical base height (Height FUSB) [mm] | C15: =IF(OR($D$15<Min_H_HFUSB_105,$D$15>Max_H_HFUSB_430,ISTEXT($D$15)),,$D$15) -> 0
B16: Frontal vertical base ofsett F [mm] | C16: =IF(OR($D$16<Min_FVB_Distance,ISTEXT($D$16)),DefaultFVBDistance,$D$16) -> 24.5
B18: Machine | C18: Machine 1
B19: Universal support bar diameter [mm] | C19: =IF(OR($D$19<=0,ISTEXT($D$19)),IF($C$18="",DefaultUSBDia,IF(ISNUMBER(VLOOKUP(MachinesUSBDia,Machines[],MATCH($C$18,Machines[#Headers],0),FALSE)),VLOOKUP(MachinesUSBDia,Machines[],MATCH($C$18,Machines[#Headers],0),FALSE),NotAvailable)),$D$19) -> 12
B20: Constant HV - Vertical USB [mm] | C20: =IF(OR($D$20<=0,ISTEXT($D$20)),IF($C$18="",DefaultConstantHV,IF(ISNUMBER(VLOOKUP(MachinesConstantHV,Machines[],MATCH($C$18,Machines[#Headers],0),FALSE)),VLOOKUP(MachinesConstantHV,Machines[],MATCH($C$18,Machines[#Headers],0),FALSE),NotAvailable)),$D$20) -> 50
B21: Constant VV - Vertical USB [mm] | C21: =IF(OR($D$21<=0,ISTEXT($D$21)),IF($C$18="",DefaultConstantVV,IF(ISNUMBER(VLOOKUP(MachinesConstantVV,Machines[],MATCH($C$18,Machines[#Headers],0),FALSE)),VLOOKUP(MachinesConstantVV,Machines[],MATCH($C$18,Machines[#Headers],0),FALSE),NotAvailable)),$D$21) -> 29
B22: Constant HH - Horizontal USB [mm] | C22: =IF(OR($D$22<=0,ISTEXT($D$22)),IF($C$18="",DefaultConstantHH,IF(ISNUMBER(VLOOKUP(MachinesConstantHH,Machines[],MATCH($C$18,Machines[#Headers],0),FALSE)),VLOOKUP(MachinesConstantHH,Machines[],MATCH($C$18,Machines[#Headers],0),FALSE),NotAvailable)),$D$22) -> 41
B23: Constant VH - Horizontal USB [mm] | C23: =IF(OR($D$23<=0,ISTEXT($D$23)),IF($C$18="",DefaultConstantVH,IF(ISNUMBER(VLOOKUP(MachinesConstantVH,Machines[],MATCH($C$18,Machines[#Headers],0),FALSE)),VLOOKUP(MachinesConstantVH,Machines[],MATCH($C$18,Machines[#Headers],0),FALSE),NotAvailable)),$D$23) -> 81
B24: Variable length HF - Frontal vertical base [mm] | C24: =IF(OR($D$24<=0,ISTEXT($D$24)),IF($C$18="",DefaultConstantVH+DefaultConstantFVBBody+$C$16,IF(AND(ISNUMBER(VLOOKUP(MachinesConstantHF,Machines[],MATCH($C$18,Machines[#Headers],0),FALSE)),ISNUMBER(VLOOKUP(MachinesConstantFVBBody,Machines[],MATCH($C$18,Machines[#Headers],0),FALSE))),VLOOKUP(MachinesConstantHF,Machines[],MATCH($C$18,Machines[#Headers],0),FALSE),NotAvailable)),$D$24+$C$16) -> 142.7
B25: Constant VF - Frontal vertical base [mm] | C25: =IF(OR($D$25<=0,ISTEXT($D$25)),IF($C$18="",DefaultConstantVF,IF(ISNUMBER(VLOOKUP(MachinesConstantVF,Machines[],MATCH($C$18,Machines[#Headers],0),FALSE)),VLOOKUP(MachinesConstantVF,Machines[],MATCH($C$18,Machines[#Headers],0),FALSE),NotAvailable)),$D$25) -> 56
B28: Wheel radius R [mm] | C28: =C7/2 -> 125
B29: Jig-length to knife edge JG [mm] | C29: =$C$8-($C$19/2) -> 132
B30: Jig-center to USB-center offset JC [mm] | C30: =$C$9/2+$C$19/2 -> 12
B31: USB-center to knife edge CG [mm] | C31: =SQRT($C$30^2+$C$29^2) -> 132.54433
B32: Angular offset ∂k [°] | C32: =DEGREES(ATAN($C$30/$C$29)) -> 5.1944289
B33: S VUSB [mm] - calculated | C33: =IF($C$13<=0,,SQRT((($C$13-$C$19/2)+$C$21)^2+$C$20^2)-$C$28+$C$19/2) -> 0
B34: H VUSB [mm] - calculated | C34: =IF($C$11<=0,,SQRT(($C$28+($C$11-$C$19/2))^2-$C$20^2)-$C$21+($C$19/2)) -> 174.89111
B35: S HUSB [mm] - calculated | C35: =IF($C$14<=0,,SQRT((($C$14-$C$19/2)+$C$23)^2+$C$22^2)-$C$28+$C$19/2) -> 0
B36: H HUSB [mm] - calculated | C36: =IF($C$11<=0,,SQRT(($C$28+($C$11-$C$19/2))^2-$C$22^2)-$C$23+($C$19/2)) -> 124.94972
B37: S FUSB [mm] - calculated | C37: =IF($C$15<=0,,SQRT((($C$15-$C$19/2)+$C$25)^2+$C$24^2)-$C$28+$C$19/2) -> 0
B38: H FUSB [mm] - calculated | C38: =IF(OR($C$11<=$C$19,ISERROR(SQRT(($C$28+($C$11-$C$19/2))^2-$C$24^2))),,SQRT(($C$28+($C$11-$C$19/2))^2-$C$24^2)-$C$25+($C$19/2)) -> 95.93698
B41: Bevel angle Δ [°] - Vertical USB | C41: =IF(OR($C$20=NotAvailable,$C$21=NotAvailable),"-",IF(OR(AND($C$11<=$C$19,$C$13=0),AND($C$11<$C$19,$C$33<=$C$19),ISERROR(ASIN((((IF($C$13=0,$C$11,$C$33)-$C$19/2)+$C$28)^2-$C$31^2-$C$28^2)/(2*$C$31*$C$28)))),"-",DEGREES(ATAN($C$30/$C$29)+ASIN((((IF($C$13=0,$C$11,$C$33)-$C$19/2)+$C$28)^2-$C$31^2-$C$28^2)/(2*$C$31*$C$28))))) -> 20.000546
B42: Bevel angle Δ [°] - Horizontal USB | C42: =IF(OR($C$22=NotAvailable,$C$23=NotAvailable),"-",IF(OR(AND($C$11<=$C$19,$C$14=0),AND($C$11<$C$19,$C$35<=$C$19),ISERROR(ASIN((((IF($C$14=0,$C$11,$C$35)-$C$19/2)+$C$28)^2-$C$31^2-$C$28^2)/(2*$C$31*$C$28)))),"-",DEGREES(ATAN($C$30/$C$29)+ASIN((((IF($C$14=0,$C$11,$C$35)-$C$19/2)+$C$28)^2-$C$31^2-$C$28^2)/(2*$C$31*$C$28))))) -> 20.000546
B43: Bevel angle Δ [°] - Frontal vertical base | C43: =IF(OR($C$24=NotAvailable,$C$25=NotAvailable),"-",IF(OR(AND($C$11<=$C$19,$C$15=0),AND($C$11<$C$19,$C$37<=$C$19),ISERROR(ASIN((((IF($C$15=0,$C$11,$C$37)-$C$19/2)+$C$28)^2-$C$31^2-$C$28^2)/(2*$C$31*$C$28)))),"-",DEGREES(ATAN($C$30/$C$29)+ASIN((((IF($C$15=0,$C$11,$C$37)-$C$19/2)+$C$28)^2-$C$31^2-$C$28^2)/(2*$C$31*$C$28))))) -> 20.000546

Sheet EdgeCalc
B2: EdgeCalc
B4: Database | C4: Knives | E4: =IF($C$4=""," <-- Select database","")
C6: Used value | D6: Input
B7: =IF($C$4=SheetName02,InCellName02,InCellName01) -> Knife | C7: 001 ANV P200
B9: Wheel diameter D [mm] or wheel type | C9: =IF($D$9<=0,DefaultWheelDia,IF(ISTEXT($D$9),IF(ISNA(HLOOKUP($D$9,TormekCalc!$G$4:$S$12,9,0)),250,HLOOKUP($D$9,TormekCalc!$G$4:$S$12,9,0)),$D$9)) -> 250
B10: =IF($D$10=0,IF($C$7<>"",IF(AND($C$7<>"",NOT(ISERROR(MATCH($C$7,INDIRECT($C$4&"ListTable["&INDIRECT("$C$4")&"List]"),0)))),IF(ISNUMBER(INDEX(INDIRECT($C$4&"[Grinded]"),MATCH($C$7,INDIRECT($C$4&"ListTable["&INDIRECT("$C$4")&"List]"),0))),"Loaded Grinding angle Δ [°]","Grinding angle Δ [°]"),"Grinding angle Δ [°]"),"Grinding angle Δ [°]"),"Grinding angle Δ [°]") -> Loaded Grinding angle Δ [°] | C10: =IF($D$10=0,IF(AND($C$7<>"",NOT(ISERROR(MATCH($C$7,INDIRECT($C$4&"ListTable["&INDIRECT("$C$4")&"List]"),0)))),IF(ISNUMBER(INDEX(INDIRECT($C$4&"[Grinded]"),MATCH($C$7,INDIRECT($C$4&"ListTable["&INDIRECT("$C$4")&"List]"),0))),INDEX(INDIRECT($C$4&"[Grinded]"),MATCH($C$7,INDIRECT($C$4&"ListTable["&INDIRECT("$C$4")&"List]"),0)),DefaultGA),DefaultGA),$D$10) -> 20
B11: =IF($D$11=0,IF($C$7<>"",IF(AND($C$7<>"",NOT(ISERROR(MATCH($C$7,INDIRECT($C$4&"ListTable["&INDIRECT("$C$4")&"List]"),0)))),IF(ISNUMBER(INDEX(INDIRECT($C$4&"[Edge thickness]"),MATCH($C$7,INDIRECT($C$4&"ListTable["&INDIRECT("$C$4")&"List]"),0))),"Loaded Edge thickness T (= thickness at edge heel) [mm]","Edge thickness T (= thickness at edge heel) [mm]"),"Edge thickness T (= thickness at edge heel) [mm]"),"Edge thickness T (= thickness at edge heel) [mm]"),"Edge thickness T (= thickness at edge heel) [mm]") -> Loaded Edge thickness T (= thickness at edge heel) [mm] | C11: =IF($D$11=0,IF(AND($C$7<>"",NOT(ISERROR(MATCH($C$7,INDIRECT($C$4&"ListTable["&INDIRECT("$C$4")&"List]"),0)))),IF(ISNUMBER(INDEX(INDIRECT($C$4&"[Edge thickness]"),MATCH($C$7,INDIRECT($C$4&"ListTable["&INDIRECT("$C$4")&"List]"),0))),INDEX(INDIRECT($C$4&"[Edge thickness]"),MATCH($C$7,INDIRECT($C$4&"ListTable["&INDIRECT("$C$4")&"List]"),0)),DefaultEdgeThickness),DefaultEdgeThickness),$D$11) -> 0.8
B12: =IF($C$7<>"",IF(AND($C$7<>"",NOT(ISERROR(MATCH($C$7,INDIRECT($C$4&"ListTable["&INDIRECT("$C$4")&"List]"),0)))),IF(ISNUMBER(INDEX(INDIRECT($C$4&"[Edge height]"),MATCH($C$7,INDIRECT($C$4&"ListTable["&INDIRECT("$C$4")&"List]"),0))),IF($C$4=SheetName01,"Loaded knife Edge height [mm]",IF($C$4=SheetName02,"Loaded tool Edge height [mm]","")),""),""),"") -> Loaded knife Edge height [mm] | C12: =IF($C$7<>"",IF(NOT(ISERROR(MATCH($C$7,INDIRECT($C$4&"ListTable["&INDIRECT("$C$4")&"List]"),0))),IF(ISNUMBER(INDEX(INDIRECT($C$4&"[Edge height]"),MATCH($C$7,INDIRECT($C$4&"ListTable["&INDIRECT("$C$4")&"List]"),0))),INDEX(INDIRECT($C$4&"[Edge height]"),MATCH($C$7,INDIRECT($C$4&"ListTable["&INDIRECT("$C$4")&"List]"),0)),""),""),"") -> 1
B14: Wheel radius R [mm] | C14: =$C$9/2 -> 125
B16: Height of the flat (ideal) grind parallel with the axis HF [mm] | C16: =($C$11/2)/(TAN(RADIANS($C$10))) -> 1.098991
B17: Length of the flat (ideal) grind LF [mm] | C17: =SQRT((($C$11/2)/(TAN(RADIANS($C$10))))^2+($C$11/2)^2) -> 1.1695218
B19: Real height of the grind parallel with the axis HR [mm] | C19: =($C$30-$C$27)/2 -> 1.0833926
B20: Real length of the grind LR (line/chord) [mm] | C20: =SQRT($C$19^2+($C$11/2)^2) -> 1.1548764
B21: Real length of the grind LRA (arc length) [mm] | C21: =2*$C$14*ASIN($C$20/(2*$C$14)) -> 1.1548805
B22: Angle of the chord LR [°] (average deviation edge tip vs heel) | C22: =DEGREES(ASIN(($C$11/2)/$C$20)) -> 20.264679
B23: Central angle of the chord LR [°] (= difference edge tip vs heel) | C23: =DEGREES(2*ASIN($C$20/(2*$C$14))) -> 0.52935823
B24: Angle at the edge heel [°] | C24: =$C$10+$C$23 -> 20.529358
B27: Length of chord collinear with the knife axis CC [mm] | C27: =SQRT($C$14^2+$C$14^2-2*$C$14*$C$14*COS(RADIANS(180-2*(90-$C$10)))) -> 85.505036
B28: Height of the segment HCC [mm] | C28: =$C$14*(1-COS(RADIANS((180-2*(90-$C$10))/2))) -> 7.5384224
B29: Height of the segment with blade thickness HCT [mm] | C29: =$C$14*(1-COS(RADIANS((180-2*(90-$C$10))/2)))+$C$11/2 -> 7.9384224
B30: Length of chord collinear with blade LCT [mm] | C30: =2*SQRT($C$29*(2*$C$14-$C$29)) -> 87.671821

Sheet Jigs
B2: Jigs specification
B4: No. | C4: Jig | D4: Type | E4: Use | F4: Jig diameter M [mm] | H4: Projection length correction X+ [mm] | J4: Notes
S5: JigsKnivesDL | T5: JigsToolsDL | U5: JigsToolsNC | V5: JigsToolsALL | W5: JigsALL
B6: 1 | C6: Knife Jig | D6: SVM-45 | E6: Knives | F6: 12 | H6: 0 | J6: Calculations are valid for symmetrical grind (double bevel) by default. | S6: =IFERROR(INDEX($D$6:$D$150,_xlfn.AGGREGATE(15,6,(ROW($D$6:$D$150)-ROW($D$6)+1)/($E$6:$E$150="Knives"),ROWS(R$6:R6))),"") -> SVM-45 | T6: =IFERROR(INDEX($D$6:$D$150,_xlfn.AGGREGATE(15,6,(ROW($D$6:$D$150)-ROW($D$6)+1)/($E$6:$E$150="Tools"),ROWS(R$6:R6))),"") -> SE-77 | U6: =IFERROR(INDEX($D$6:$D$150,_xlfn.AGGREGATE(15,6,(ROW($D$6:$D$150)-ROW($D$6)+1)/($E$6:$E$150="Tools NC"),ROWS(R$6:R6))),"") -> SVS-50 open seat | V6: =IF(ROW()>=(ROW()-COUNTIF(JigListsTable[[#This Row],[JigsToolsDL]]:INDIRECT(ADDRESS(ROW(JigListsTable[JigsToolsDL])-1+ROWS(JigListsTable[JigsToolsDL]),COLUMN(JigListsTable[JigsToolsDL]))),"?*")+1),INDEX(JigListsTable[JigsToolsDL],ROW()-ROW(JigListsTable[#Headers])),IF(ROW()>ROW(JigListsTable[#Headers])+COUNTIF(JigListsTable[[JigsToolsDL]:[JigsToolsNC]],"?*"),"", INDEX(JigListsTable[JigsToolsNC],ROW()-ROW(JigListsTable[#Headers])-COUNTIF(JigListsTable[JigsToolsDL],"?*")))) -> SE-77 | W6: =IF(ROW()>=(ROW()-COUNTIF(JigListsTable[[#This Row],[JigsKnivesDL]]:INDIRECT(ADDRESS(ROW(JigListsTable[JigsKnivesDL])-1+ROWS(JigListsTable[JigsKnivesDL]),COLUMN(JigListsTable[JigsKnivesDL]))),"?*")+1),INDEX(JigListsTable[JigsKnivesDL],ROW()-ROW(JigListsTable[#Headers])),IF(ROW()>ROW(JigListsTable[#Headers])+COUNTIF(JigListsTable[[JigsKnivesDL]:[JigsToolsDL]],"?*"),"", INDEX(JigListsTable[JigsToolsDL],ROW()-ROW(JigListsTable[#Headers])-COUNTIF(JigListsTable[JigsKnivesDL],"?*")))) -> SVM-45
J7: For precise single bevel grind edge thickness compensation is required, | S7: =IFERROR(INDEX($D$6:$D$150,_xlfn.AGGREGATE(15,6,(ROW($D$6:$D$150)-ROW($D$6)+1)/($E$6:$E$150="Knives"),ROWS(R$6:R7))),"") -> SVM-45 E | T7: =IFERROR(INDEX($D$6:$D$150,_xlfn.AGGREGATE(15,6,(ROW($D$6:$D$150)-ROW($D$6)+1)/($E$6:$E$150="Tools"),ROWS(R$6:R7))),"") -> SVS-50 closed seat | U7: =IFERROR(INDEX($D$6:$D$150,_xlfn.AGGREGATE(15,6,(ROW($D$6:$D$150)-ROW($D$6)+1)/($E$6:$E$150="Tools NC"),ROWS(R$6:R7))),"") -> SVS-38 | V7: =IF(ROW()>=(ROW()-COUNTIF(JigListsTable[[#This Row],[JigsToolsDL]]:INDIRECT(ADDRESS(ROW(JigListsTable[JigsToolsDL])-1+ROWS(JigListsTable[JigsToolsDL]),COLUMN(JigListsTable[JigsToolsDL]))),"?*")+1),INDEX(JigListsTable[JigsToolsDL],ROW()-ROW(JigListsTable[#Headers])),IF(ROW()>ROW(JigListsTable[#Headers])+COUNTIF(JigListsTable[[JigsToolsDL]:[JigsToolsNC]],"?*"),"", INDEX(JigListsTable[JigsToolsNC],ROW()-ROW(JigListsTable[#Headers])-COUNTIF(JigListsTable[JigsToolsDL],"?*")))) -> SVS-50 closed seat | W7: =IF(ROW()>=(ROW()-COUNTIF(JigListsTable[[#This Row],[JigsKnivesDL]]:INDIRECT(ADDRESS(ROW(JigListsTable[JigsKnivesDL])-1+ROWS(JigListsTable[JigsKnivesDL]),COLUMN(JigListsTable[JigsKnivesDL]))),"?*")+1),INDEX(JigListsTable[JigsKnivesDL],ROW()-ROW(JigListsTable[#Headers])),IF(ROW()>ROW(JigListsTable[#Headers])+COUNTIF(JigListsTable[[JigsKnivesDL]:[JigsToolsDL]],"?*"),"", INDEX(JigListsTable[JigsToolsDL],ROW()-ROW(JigListsTable[#Headers])-COUNTIF(JigListsTable[JigsKnivesDL],"?*")))) -> SVM-45 E
J8: see FAQ for details. | S8: =IFERROR(INDEX($D$6:$D$150,_xlfn.AGGREGATE(15,6,(ROW($D$6:$D$150)-ROW($D$6)+1)/($E$6:$E$150="Knives"),ROWS(R$6:R8))),"") -> SVM-140 | T8: =IFERROR(INDEX($D$6:$D$150,_xlfn.AGGREGATE(15,6,(ROW($D$6:$D$150)-ROW($D$6)+1)/($E$6:$E$150="Tools"),ROWS(R$6:R8))),"") | U8: =IFERROR(INDEX($D$6:$D$150,_xlfn.AGGREGATE(15,6,(ROW($D$6:$D$150)-ROW($D$6)+1)/($E$6:$E$150="Tools NC"),ROWS(R$6:R8))),"") -> SVD-186 | V8: =IF(ROW()>=(ROW()-COUNTIF(JigListsTable[[#This Row],[JigsToolsDL]]:INDIRECT(ADDRESS(ROW(JigListsTable[JigsToolsDL])-1+ROWS(JigListsTable[JigsToolsDL]),COLUMN(JigListsTable[JigsToolsDL]))),"?*")+1),INDEX(JigListsTable[JigsToolsDL],ROW()-ROW(JigListsTable[#Headers])),IF(ROW()>ROW(JigListsTable[#Headers])+COUNTIF(JigListsTable[[JigsToolsDL]:[JigsToolsNC]],"?*"),"", INDEX(JigListsTable[JigsToolsNC],ROW()-ROW(JigListsTable[#Headers])-COUNTIF(JigListsTable[JigsToolsDL],"?*")))) -> SVS-50 open seat | W8: =IF(ROW()>=(ROW()-COUNTIF(JigListsTable[[#This Row],[JigsKnivesDL]]:INDIRECT(ADDRESS(ROW(JigListsTable[JigsKnivesDL])-1+ROWS(JigListsTable[JigsKnivesDL]),COLUMN(JigListsTable[JigsKnivesDL]))),"?*")+1),INDEX(JigListsTable[JigsKnivesDL],ROW()-ROW(JigListsTable[#Headers])),IF(ROW()>ROW(JigListsTable[#Headers])+COUNTIF(JigListsTable[[JigsKnivesDL]:[JigsToolsDL]],"?*"),"", INDEX(JigListsTable[JigsToolsDL],ROW()-ROW(JigListsTable[#Headers])-COUNTIF(JigListsTable[JigsKnivesDL],"?*")))) -> SVM-140
S9: =IFERROR(INDEX($D$6:$D$150,_xlfn.AGGREGATE(15,6,(ROW($D$6:$D$150)-ROW($D$6)+1)/($E$6:$E$150="Knives"),ROWS(R$6:R9))),"") -> SVM-140 E | T9: =IFERROR(INDEX($D$6:$D$150,_xlfn.AGGREGATE(15,6,(ROW($D$6:$D$150)-ROW($D$6)+1)/($E$6:$E$150="Tools"),ROWS(R$6:R9))),"") | U9: =IFERROR(INDEX($D$6:$D$150,_xlfn.AGGREGATE(15,6,(ROW($D$6:$D$150)-ROW($D$6)+1)/($E$6:$E$150="Tools NC"),ROWS(R$6:R9))),"") -> SVD-110 | V9: =IF(ROW()>=(ROW()-COUNTIF(JigListsTable[[#This Row],[JigsToolsDL]]:INDIRECT(ADDRESS(ROW(JigListsTable[JigsToolsDL])-1+ROWS(JigListsTable[JigsToolsDL]),COLUMN(JigListsTable[JigsToolsDL]))),"?*")+1),INDEX(JigListsTable[JigsToolsDL],ROW()-ROW(JigListsTable[#Headers])),IF(ROW()>ROW(JigListsTable[#Headers])+COUNTIF(JigListsTable[[JigsToolsDL]:[JigsToolsNC]],"?*"),"", INDEX(JigListsTable[JigsToolsNC],ROW()-ROW(JigListsTable[#Headers])-COUNTIF(JigListsTable[JigsToolsDL],"?*")))) -> SVS-38 | W9: =IF(ROW()>=(ROW()-COUNTIF(JigListsTable[[#This Row],[JigsKnivesDL]]:INDIRECT(ADDRESS(ROW(JigListsTable[JigsKnivesDL])-1+ROWS(JigListsTable[JigsKnivesDL]),COLUMN(JigListsTable[JigsKnivesDL]))),"?*")+1),INDEX(JigListsTable[JigsKnivesDL],ROW()-ROW(JigListsTable[#Headers])),IF(ROW()>ROW(JigListsTable[#Headers])+COUNTIF(JigListsTable[[JigsKnivesDL]:[JigsToolsDL]],"?*"),"", INDEX(JigListsTable[JigsToolsDL],ROW()-ROW(JigListsTable[#Headers])-COUNTIF(JigListsTable[JigsKnivesDL],"?*")))) -> SVM-140 E
S10: =IFERROR(INDEX($D$6:$D$150,_xlfn.AGGREGATE(15,6,(ROW($D$6:$D$150)-ROW($D$6)+1)/($E$6:$E$150="Knives"),ROWS(R$6:R10))),"") -> SVM-00 | T10: =IFERROR(INDEX($D$6:$D$150,_xlfn.AGGREGATE(15,6,(ROW($D$6:$D$150)-ROW($D$6)+1)/($E$6:$E$150="Tools"),ROWS(R$6:R10))),"") | U10: =IFERROR(INDEX($D$6:$D$150,_xlfn.AGGREGATE(15,6,(ROW($D$6:$D$150)-ROW($D$6)+1)/($E$6:$E$150="Tools NC"),ROWS(R$6:R10))),"") | V10: =IF(ROW()>=(ROW()-COUNTIF(JigListsTable[[#This Row],[JigsToolsDL]]:INDIRECT(ADDRESS(ROW(JigListsTable[JigsToolsDL])-1+ROWS(JigListsTable[JigsToolsDL]),COLUMN(JigListsTable[JigsToolsDL]))),"?*")+1),INDEX(JigListsTable[JigsToolsDL],ROW()-ROW(JigListsTable[#Headers])),IF(ROW()>ROW(JigListsTable[#Headers])+COUNTIF(JigListsTable[[JigsToolsDL]:[JigsToolsNC]],"?*"),"", INDEX(JigListsTable[JigsToolsNC],ROW()-ROW(JigListsTable[#Headers])-COUNTIF(JigListsTable[JigsToolsDL],"?*")))) -> SVD-186 | W10: =IF(ROW()>=(ROW()-COUNTIF(JigListsTable[[#This Row],[JigsKnivesDL]]:INDIRECT(ADDRESS(ROW(JigListsTable[JigsKnivesDL])-1+ROWS(JigListsTable[JigsKnivesDL]),COLUMN(JigListsTable[JigsKnivesDL]))),"?*")+1),INDEX(JigListsTable[JigsKnivesDL],ROW()-ROW(JigListsTable[#Headers])),IF(ROW()>ROW(JigListsTable[#Headers])+COUNTIF(JigListsTable[[JigsKnivesDL]:[JigsToolsDL]],"?*"),"", INDEX(JigListsTable[JigsToolsDL],ROW()-ROW(JigListsTable[#Headers])-COUNTIF(JigListsTable[JigsKnivesDL],"?*")))) -> SVM-00
S11: =IFERROR(INDEX($D$6:$D$150,_xlfn.AGGREGATE(15,6,(ROW($D$6:$D$150)-ROW($D$6)+1)/($E$6:$E$150="Knives"),ROWS(R$6:R11))),"") -> SVM-00 E | T11: =IFERROR(INDEX($D$6:$D$150,_xlfn.AGGREGATE(15,6,(ROW($D$6:$D$150)-ROW($D$6)+1)/($E$6:$E$150="Tools"),ROWS(R$6:R11))),"") | U11: =IFERROR(INDEX($D$6:$D$150,_xlfn.AGGREGATE(15,6,(ROW($D$6:$D$150)-ROW($D$6)+1)/($E$6:$E$150="Tools NC"),ROWS(R$6:R11))),"") | V11: =IF(ROW()>=(ROW()-COUNTIF(JigListsTable[[#This Row],[JigsToolsDL]]:INDIRECT(ADDRESS(ROW(JigListsTable[JigsToolsDL])-1+ROWS(JigListsTable[JigsToolsDL]),COLUMN(JigListsTable[JigsToolsDL]))),"?*")+1),INDEX(JigListsTable[JigsToolsDL],ROW()-ROW(JigListsTable[#Headers])),IF(ROW()>ROW(JigListsTable[#Headers])+COUNTIF(JigListsTable[[JigsToolsDL]:[JigsToolsNC]],"?*"),"", INDEX(JigListsTable[JigsToolsNC],ROW()-ROW(JigListsTable[#Headers])-COUNTIF(JigListsTable[JigsToolsDL],"?*")))) -> SVD-110 | W11: =IF(ROW()>=(ROW()-COUNTIF(JigListsTable[[#This Row],[JigsKnivesDL]]:INDIRECT(ADDRESS(ROW(JigListsTable[JigsKnivesDL])-1+ROWS(JigListsTable[JigsKnivesDL]),COLUMN(JigListsTable[JigsKnivesDL]))),"?*")+1),INDEX(JigListsTable[JigsKnivesDL],ROW()-ROW(JigListsTable[#Headers])),IF(ROW()>ROW(JigListsTable[#Headers])+COUNTIF(JigListsTable[[JigsKnivesDL]:[JigsToolsDL]],"?*"),"", INDEX(JigListsTable[JigsToolsDL],ROW()-ROW(JigListsTable[#Headers])-COUNTIF(JigListsTable[JigsKnivesDL],"?*")))) -> SVM-00 E
B12: 2 | C12: Knife Jig | D12: SVM-45 E | E12: Knives | F12: 15.3 | H12: 0 | J12: With eccentric bushing for easy knife axis centering. | S12: =IFERROR(INDEX($D$6:$D$150,_xlfn.AGGREGATE(15,6,(ROW($D$6:$D$150)-ROW($D$6)+1)/($E$6:$E$150="Knives"),ROWS(R$6:R12))),"") | T12: =IFERROR(INDEX($D$6:$D$150,_xlfn.AGGREGATE(15,6,(ROW($D$6:$D$150)-ROW($D$6)+1)/($E$6:$E$150="Tools"),ROWS(R$6:R12))),"") | U12: =IFERROR(INDEX($D$6:$D$150,_xlfn.AGGREGATE(15,6,(ROW($D$6:$D$150)-ROW($D$6)+1)/($E$6:$E$150="Tools NC"),ROWS(R$6:R12))),"") | V12: =IF(ROW()>=(ROW()-COUNTIF(JigListsTable[[#This Row],[JigsToolsDL]]:INDIRECT(ADDRESS(ROW(JigListsTable[JigsToolsDL])-1+ROWS(JigListsTable[JigsToolsDL]),COLUMN(JigListsTable[JigsToolsDL]))),"?*")+1),INDEX(JigListsTable[JigsToolsDL],ROW()-ROW(JigListsTable[#Headers])),IF(ROW()>ROW(JigListsTable[#Headers])+COUNTIF(JigListsTable[[JigsToolsDL]:[JigsToolsNC]],"?*"),"", INDEX(JigListsTable[JigsToolsNC],ROW()-ROW(JigListsTable[#Headers])-COUNTIF(JigListsTable[JigsToolsDL],"?*")))) | W12: =IF(ROW()>=(ROW()-COUNTIF(JigListsTable[[#This Row],[JigsKnivesDL]]:INDIRECT(ADDRESS(ROW(JigListsTable[JigsKnivesDL])-1+ROWS(JigListsTable[JigsKnivesDL]),COLUMN(JigListsTable[JigsKnivesDL]))),"?*")+1),INDEX(JigListsTable[JigsKnivesDL],ROW()-ROW(JigListsTable[#Headers])),IF(ROW()>ROW(JigListsTable[#Headers])+COUNTIF(JigListsTable[[JigsKnivesDL]:[JigsToolsDL]],"?*"),"", INDEX(JigListsTable[JigsToolsDL],ROW()-ROW(JigListsTable[#Headers])-COUNTIF(JigListsTable[JigsKnivesDL],"?*")))) -> SE-77
J13: See https://www.tormek.com/forum/index.php?topic=3918.0 | S13: =IFERROR(INDEX($D$6:$D$150,_xlfn.AGGREGATE(15,6,(ROW($D$6:$D$150)-ROW($D$6)+1)/($E$6:$E$150="Knives"),ROWS(R$6:R13))),"") | T13: =IFERROR(INDEX($D$6:$D$150,_xlfn.AGGREGATE(15,6,(ROW($D$6:$D$150)-ROW($D$6)+1)/($E$6:$E$150="Tools"),ROWS(R$6:R13))),"") | U13: =IFERROR(INDEX($D$6:$D$150,_xlfn.AGGREGATE(15,6,(ROW($D$6:$D$150)-ROW($D$6)+1)/($E$6:$E$150="Tools NC"),ROWS(R$6:R13))),"") | V13: =IF(ROW()>=(ROW()-COUNTIF(JigListsTable[[#This Row],[JigsToolsDL]]:INDIRECT(ADDRESS(ROW(JigListsTable[JigsToolsDL])-1+ROWS(JigListsTable[JigsToolsDL]),COLUMN(JigListsTable[JigsToolsDL]))),"?*")+1),INDEX(JigListsTable[JigsToolsDL],ROW()-ROW(JigListsTable[#Headers])),IF(ROW()>ROW(JigListsTable[#Headers])+COUNTIF(JigListsTable[[JigsToolsDL]:[JigsToolsNC]],"?*"),"", INDEX(JigListsTable[JigsToolsNC],ROW()-ROW(JigListsTable[#Headers])-COUNTIF(JigListsTable[JigsToolsDL],"?*")))) | W13: =IF(ROW()>=(ROW()-COUNTIF(JigListsTable[[#This Row],[JigsKnivesDL]]:INDIRECT(ADDRESS(ROW(JigListsTable[JigsKnivesDL])-1+ROWS(JigListsTable[JigsKnivesDL]),COLUMN(JigListsTable[JigsKnivesDL]))),"?*")+1),INDEX(JigListsTable[JigsKnivesDL],ROW()-ROW(JigListsTable[#Headers])),IF(ROW()>ROW(JigListsTable[#Headers])+COUNTIF(JigListsTable[[JigsKnivesDL]:[JigsToolsDL]],"?*"),"", INDEX(JigListsTable[JigsToolsDL],ROW()-ROW(JigListsTable[#Headers])-COUNTIF(JigListsTable[JigsKnivesDL],"?*")))) -> SVS-50 closed seat
J14: Calculations are valid for symmetrical grind (double bevel) by default. | S14: =IFERROR(INDEX($D$6:$D$150,_xlfn.AGGREGATE(15,6,(ROW($D$6:$D$150)-ROW($D$6)+1)/($E$6:$E$150="Knives"),ROWS(R$6:R14))),"") | T14: =IFERROR(INDEX($D$6:$D$150,_xlfn.AGGREGATE(15,6,(ROW($D$6:$D$150)-ROW($D$6)+1)/($E$6:$E$150="Tools"),ROWS(R$6:R14))),"") | U14: =IFERROR(INDEX($D$6:$D$150,_xlfn.AGGREGATE(15,6,(ROW($D$6:$D$150)-ROW($D$6)+1)/($E$6:$E$150="Tools NC"),ROWS(R$6:R14))),"") | V14: =IF(ROW()>=(ROW()-COUNTIF(JigListsTable[[#This Row],[JigsToolsDL]]:INDIRECT(ADDRESS(ROW(JigListsTable[JigsToolsDL])-1+ROWS(JigListsTable[JigsToolsDL]),COLUMN(JigListsTable[JigsToolsDL]))),"?*")+1),INDEX(JigListsTable[JigsToolsDL],ROW()-ROW(JigListsTable[#Headers])),IF(ROW()>ROW(JigListsTable[#Headers])+COUNTIF(JigListsTable[[JigsToolsDL]:[JigsToolsNC]],"?*"),"", INDEX(JigListsTable[JigsToolsNC],ROW()-ROW(JigListsTable[#Headers])-COUNTIF(JigListsTable[JigsToolsDL],"?*")))) | W14: =IF(ROW()>=(ROW()-COUNTIF(JigListsTable[[#This Row],[JigsKnivesDL]]:INDIRECT(ADDRESS(ROW(JigListsTable[JigsKnivesDL])-1+ROWS(JigListsTable[JigsKnivesDL]),COLUMN(JigListsTable[JigsKnivesDL]))),"?*")+1),INDEX(JigListsTable[JigsKnivesDL],ROW()-ROW(JigListsTable[#Headers])),IF(ROW()>ROW(JigListsTable[#Headers])+COUNTIF(JigListsTable[[JigsKnivesDL]:[JigsToolsDL]],"?*"),"", INDEX(JigListsTable[JigsToolsDL],ROW()-ROW(JigListsTable[#Headers])-COUNTIF(JigListsTable[JigsKnivesDL],"?*"))))
J15: For precise single bevel grind edge thickness compensation is required, | S15: =IFERROR(INDEX($D$6:$D$150,_xlfn.AGGREGATE(15,6,(ROW($D$6:$D$150)-ROW($D$6)+1)/($E$6:$E$150="Knives"),ROWS(R$6:R15))),"") | T15: =IFERROR(INDEX($D$6:$D$150,_xlfn.AGGREGATE(15,6,(ROW($D$6:$D$150)-ROW($D$6)+1)/($E$6:$E$150="Tools"),ROWS(R$6:R15))),"") | U15: =IFERROR(INDEX($D$6:$D$150,_xlfn.AGGREGATE(15,6,(ROW($D$6:$D$150)-ROW($D$6)+1)/($E$6:$E$150="Tools NC"),ROWS(R$6:R15))),"") | V15: =IF(ROW()>=(ROW()-COUNTIF(JigListsTable[[#This Row],[JigsToolsDL]]:INDIRECT(ADDRESS(ROW(JigListsTable[JigsToolsDL])-1+ROWS(JigListsTable[JigsToolsDL]),COLUMN(JigListsTable[JigsToolsDL]))),"?*")+1),INDEX(JigListsTable[JigsToolsDL],ROW()-ROW(JigListsTable[#Headers])),IF(ROW()>ROW(JigListsTable[#Headers])+COUNTIF(JigListsTable[[JigsToolsDL]:[JigsToolsNC]],"?*"),"", INDEX(JigListsTable[JigsToolsNC],ROW()-ROW(JigListsTable[#Headers])-COUNTIF(JigListsTable[JigsToolsDL],"?*")))) | W15: =IF(ROW()>=(ROW()-COUNTIF(JigListsTable[[#This Row],[JigsKnivesDL]]:INDIRECT(ADDRESS(ROW(JigListsTable[JigsKnivesDL])-1+ROWS(JigListsTable[JigsKnivesDL]),COLUMN(JigListsTable[JigsKnivesDL]))),"?*")+1),INDEX(JigListsTable[JigsKnivesDL],ROW()-ROW(JigListsTable[#Headers])),IF(ROW()>ROW(JigListsTable[#Headers])+COUNTIF(JigListsTable[[JigsKnivesDL]:[JigsToolsDL]],"?*"),"", INDEX(JigListsTable[JigsToolsDL],ROW()-ROW(JigListsTable[#Headers])-COUNTIF(JigListsTable[JigsKnivesDL],"?*"))))
J16: see FAQ for details. | S16: =IFERROR(INDEX($D$6:$D$150,_xlfn.AGGREGATE(15,6,(ROW($D$6:$D$150)-ROW($D$6)+1)/($E$6:$E$150="Knives"),ROWS(R$6:R16))),"") | T16: =IFERROR(INDEX($D$6:$D$150,_xlfn.AGGREGATE(15,6,(ROW($D$6:$D$150)-ROW($D$6)+1)/($E$6:$E$150="Tools"),ROWS(R$6:R16))),"") | U16: =IFERROR(INDEX($D$6:$D$150,_xlfn.AGGREGATE(15,6,(ROW($D$6:$D$150)-ROW($D$6)+1)/($E$6:$E$150="Tools NC"),ROWS(R$6:R16))),"") | V16: =IF(ROW()>=(ROW()-COUNTIF(JigListsTable[[#This Row],[JigsToolsDL]]:INDIRECT(ADDRESS(ROW(JigListsTable[JigsToolsDL])-1+ROWS(JigListsTable[JigsToolsDL]),COLUMN(JigListsTable[JigsToolsDL]))),"?*")+1),INDEX(JigListsTable[JigsToolsDL],ROW()-ROW(JigListsTable[#Headers])),IF(ROW()>ROW(JigListsTable[#Headers])+COUNTIF(JigListsTable[[JigsToolsDL]:[JigsToolsNC]],"?*"),"", INDEX(JigListsTable[JigsToolsNC],ROW()-ROW(JigListsTable[#Headers])-COUNTIF(JigListsTable[JigsToolsDL],"?*")))) | W16: =IF(ROW()>=(ROW()-COUNTIF(JigListsTable[[#This Row],[JigsKnivesDL]]:INDIRECT(ADDRESS(ROW(JigListsTable[JigsKnivesDL])-1+ROWS(JigListsTable[JigsKnivesDL]),COLUMN(JigListsTable[JigsKnivesDL]))),"?*")+1),INDEX(JigListsTable[JigsKnivesDL],ROW()-ROW(JigListsTable[#Headers])),IF(ROW()>ROW(JigListsTable[#Headers])+COUNTIF(JigListsTable[[JigsKnivesDL]:[JigsToolsDL]],"?*"),"", INDEX(JigListsTable[JigsToolsDL],ROW()-ROW(JigListsTable[#Headers])-COUNTIF(JigListsTable[JigsKnivesDL],"?*"))))
S17: =IFERROR(INDEX($D$6:$D$150,_xlfn.AGGREGATE(15,6,(ROW($D$6:$D$150)-ROW($D$6)+1)/($E$6:$E$150="Knives"),ROWS(R$6:R17))),"") | T17: =IFERROR(INDEX($D$6:$D$150,_xlfn.AGGREGATE(15,6,(ROW($D$6:$D$150)-ROW($D$6)+1)/($E$6:$E$150="Tools"),ROWS(R$6:R17))),"") | U17: =IFERROR(INDEX($D$6:$D$150,_xlfn.AGGREGATE(15,6,(ROW($D$6:$D$150)-ROW($D$6)+1)/($E$6:$E$150="Tools NC"),ROWS(R$6:R17))),"") | V17: =IF(ROW()>=(ROW()-COUNTIF(JigListsTable[[#This Row],[JigsToolsDL]]:INDIRECT(ADDRESS(ROW(JigListsTable[JigsToolsDL])-1+ROWS(JigListsTable[JigsToolsDL]),COLUMN(JigListsTable[JigsToolsDL]))),"?*")+1),INDEX(JigListsTable[JigsToolsDL],ROW()-ROW(JigListsTable[#Headers])),IF(ROW()>ROW(JigListsTable[#Headers])+COUNTIF(JigListsTable[[JigsToolsDL]:[JigsToolsNC]],"?*"),"", INDEX(JigListsTable[JigsToolsNC],ROW()-ROW(JigListsTable[#Headers])-COUNTIF(JigListsTable[JigsToolsDL],"?*")))) | W17: =IF(ROW()>=(ROW()-COUNTIF(JigListsTable[[#This Row],[JigsKnivesDL]]:INDIRECT(ADDRESS(ROW(JigListsTable[JigsKnivesDL])-1+ROWS(JigListsTable[JigsKnivesDL]),COLUMN(JigListsTable[JigsKnivesDL]))),"?*")+1),INDEX(JigListsTable[JigsKnivesDL],ROW()-ROW(JigListsTable[#Headers])),IF(ROW()>ROW(JigListsTable[#Headers])+COUNTIF(JigListsTable[[JigsKnivesDL]:[JigsToolsDL]],"?*"),"", INDEX(JigListsTable[JigsToolsDL],ROW()-ROW(JigListsTable[#Headers])-COUNTIF(JigListsTable[JigsKnivesDL],"?*"))))
B18: 3 | C18: Lonf Knife Jig | D18: SVM-140 | E18: Knives | F18: 12 | H18: 0 | J18: Calculations are valid for symmetrical grind (double bevel) by default. | S18: =IFERROR(INDEX($D$6:$D$150,_xlfn.AGGREGATE(15,6,(ROW($D$6:$D$150)-ROW($D$6)+1)/($E$6:$E$150="Knives"),ROWS(R$6:R18))),"") | T18: =IFERROR(INDEX($D$6:$D$150,_xlfn.AGGREGATE(15,6,(ROW($D$6:$D$150)-ROW($D$6)+1)/($E$6:$E$150="Tools"),ROWS(R$6:R18))),"") | U18: =IFERROR(INDEX($D$6:$D$150,_xlfn.AGGREGATE(15,6,(ROW($D$6:$D$150)-ROW($D$6)+1)/($E$6:$E$150="Tools NC"),ROWS(R$6:R18))),"") | V18: =IF(ROW()>=(ROW()-COUNTIF(JigListsTable[[#This Row],[JigsToolsDL]]:INDIRECT(ADDRESS(ROW(JigListsTable[JigsToolsDL])-1+ROWS(JigListsTable[JigsToolsDL]),COLUMN(JigListsTable[JigsToolsDL]))),"?*")+1),INDEX(JigListsTable[JigsToolsDL],ROW()-ROW(JigListsTable[#Headers])),IF(ROW()>ROW(JigListsTable[#Headers])+COUNTIF(JigListsTable[[JigsToolsDL]:[JigsToolsNC]],"?*"),"", INDEX(JigListsTable[JigsToolsNC],ROW()-ROW(JigListsTable[#Headers])-COUNTIF(JigListsTable[JigsToolsDL],"?*")))) | W18: =IF(ROW()>=(ROW()-COUNTIF(JigListsTable[[#This Row],[JigsKnivesDL]]:INDIRECT(ADDRESS(ROW(JigListsTable[JigsKnivesDL])-1+ROWS(JigListsTable[JigsKnivesDL]),COLUMN(JigListsTable[JigsKnivesDL]))),"?*")+1),INDEX(JigListsTable[JigsKnivesDL],ROW()-ROW(JigListsTable[#Headers])),IF(ROW()>ROW(JigListsTable[#Headers])+COUNTIF(JigListsTable[[JigsKnivesDL]:[JigsToolsDL]],"?*"),"", INDEX(JigListsTable[JigsToolsDL],ROW()-ROW(JigListsTable[#Headers])-COUNTIF(JigListsTable[JigsKnivesDL],"?*"))))
J19: For precise single bevel grind edge thickness compensation is required, | S19: =IFERROR(INDEX($D$6:$D$150,_xlfn.AGGREGATE(15,6,(ROW($D$6:$D$150)-ROW($D$6)+1)/($E$6:$E$150="Knives"),ROWS(R$6:R19))),"") | T19: =IFERROR(INDEX($D$6:$D$150,_xlfn.AGGREGATE(15,6,(ROW($D$6:$D$150)-ROW($D$6)+1)/($E$6:$E$150="Tools"),ROWS(R$6:R19))),"") | U19: =IFERROR(INDEX($D$6:$D$150,_xlfn.AGGREGATE(15,6,(ROW($D$6:$D$150)-ROW($D$6)+1)/($E$6:$E$150="Tools NC"),ROWS(R$6:R19))),"") | V19: =IF(ROW()>=(ROW()-COUNTIF(JigListsTable[[#This Row],[JigsToolsDL]]:INDIRECT(ADDRESS(ROW(JigListsTable[JigsToolsDL])-1+ROWS(JigListsTable[JigsToolsDL]),COLUMN(JigListsTable[JigsToolsDL]))),"?*")+1),INDEX(JigListsTable[JigsToolsDL],ROW()-ROW(JigListsTable[#Headers])),IF(ROW()>ROW(JigListsTable[#Headers])+COUNTIF(JigListsTable[[JigsToolsDL]:[JigsToolsNC]],"?*"),"", INDEX(JigListsTable[JigsToolsNC],ROW()-ROW(JigListsTable[#Headers])-COUNTIF(JigListsTable[JigsToolsDL],"?*")))) | W19: =IF(ROW()>=(ROW()-COUNTIF(JigListsTable[[#This Row],[JigsKnivesDL]]:INDIRECT(ADDRESS(ROW(JigListsTable[JigsKnivesDL])-1+ROWS(JigListsTable[JigsKnivesDL]),COLUMN(JigListsTable[JigsKnivesDL]))),"?*")+1),INDEX(JigListsTable[JigsKnivesDL],ROW()-ROW(JigListsTable[#Headers])),IF(ROW()>ROW(JigListsTable[#Headers])+COUNTIF(JigListsTable[[JigsKnivesDL]:[JigsToolsDL]],"?*"),"", INDEX(JigListsTable[JigsToolsDL],ROW()-ROW(JigListsTable[#Headers])-COUNTIF(JigListsTable[JigsKnivesDL],"?*"))))
J20: see FAQ for details. | S20: =IFERROR(INDEX($D$6:$D$150,_xlfn.AGGREGATE(15,6,(ROW($D$6:$D$150)-ROW($D$6)+1)/($E$6:$E$150="Knives"),ROWS(R$6:R20))),"") | T20: =IFERROR(INDEX($D$6:$D$150,_xlfn.AGGREGATE(15,6,(ROW($D$6:$D$150)-ROW($D$6)+1)/($E$6:$E$150="Tools"),ROWS(R$6:R20))),"") | U20: =IFERROR(INDEX($D$6:$D$150,_xlfn.AGGREGATE(15,6,(ROW($D$6:$D$150)-ROW($D$6)+1)/($E$6:$E$150="Tools NC"),ROWS(R$6:R20))),"") | V20: =IF(ROW()>=(ROW()-COUNTIF(JigListsTable[[#This Row],[JigsToolsDL]]:INDIRECT(ADDRESS(ROW(JigListsTable[JigsToolsDL])-1+ROWS(JigListsTable[JigsToolsDL]),COLUMN(JigListsTable[JigsToolsDL]))),"?*")+1),INDEX(JigListsTable[JigsToolsDL],ROW()-ROW(JigListsTable[#Headers])),IF(ROW()>ROW(JigListsTable[#Headers])+COUNTIF(JigListsTable[[JigsToolsDL]:[JigsToolsNC]],"?*"),"", INDEX(JigListsTable[JigsToolsNC],ROW()-ROW(JigListsTable[#Headers])-COUNTIF(JigListsTable[JigsToolsDL],"?*")))) | W20: =IF(ROW()>=(ROW()-COUNTIF(JigListsTable[[#This Row],[JigsKnivesDL]]:INDIRECT(ADDRESS(ROW(JigListsTable[JigsKnivesDL])-1+ROWS(JigListsTable[JigsKnivesDL]),COLUMN(JigListsTable[JigsKnivesDL]))),"?*")+1),INDEX(JigListsTable[JigsKnivesDL],ROW()-ROW(JigListsTable[#Headers])),IF(ROW()>ROW(JigListsTable[#Headers])+COUNTIF(JigListsTable[[JigsKnivesDL]:[JigsToolsDL]],"?*"),"", INDEX(JigListsTable[JigsToolsDL],ROW()-ROW(JigListsTable[#Headers])-COUNTIF(JigListsTable[JigsKnivesDL],"?*"))))
S21: =IFERROR(INDEX($D$6:$D$150,_xlfn.AGGREGATE(15,6,(ROW($D$6:$D$150)-ROW($D$6)+1)/($E$6:$E$150="Knives"),ROWS(R$6:R21))),"") | T21: =IFERROR(INDEX($D$6:$D$150,_xlfn.AGGREGATE(15,6,(ROW($D$6:$D$150)-ROW($D$6)+1)/($E$6:$E$150="Tools"),ROWS(R$6:R21))),"") | U21: =IFERROR(INDEX($D$6:$D$150,_xlfn.AGGREGATE(15,6,(ROW($D$6:$D$150)-ROW($D$6)+1)/($E$6:$E$150="Tools NC"),ROWS(R$6:R21))),"") | V21: =IF(ROW()>=(ROW()-COUNTIF(JigListsTable[[#This Row],[JigsToolsDL]]:INDIRECT(ADDRESS(ROW(JigListsTable[JigsToolsDL])-1+ROWS(JigListsTable[JigsToolsDL]),COLUMN(JigListsTable[JigsToolsDL]))),"?*")+1),INDEX(JigListsTable[JigsToolsDL],ROW()-ROW(JigListsTable[#Headers])),IF(ROW()>ROW(JigListsTable[#Headers])+COUNTIF(JigListsTable[[JigsToolsDL]:[JigsToolsNC]],"?*"),"", INDEX(JigListsTable[JigsToolsNC],ROW()-ROW(JigListsTable[#Headers])-COUNTIF(JigListsTable[JigsToolsDL],"?*")))) | W21: =IF(ROW()>=(ROW()-COUNTIF(JigListsTable[[#This Row],[JigsKnivesDL]]:INDIRECT(ADDRESS(ROW(JigListsTable[JigsKnivesDL])-1+ROWS(JigListsTable[JigsKnivesDL]),COLUMN(JigListsTable[JigsKnivesDL]))),"?*")+1),INDEX(JigListsTable[JigsKnivesDL],ROW()-ROW(JigListsTable[#Headers])),IF(ROW()>ROW(JigListsTable[#Headers])+COUNTIF(JigListsTable[[JigsKnivesDL]:[JigsToolsDL]],"?*"),"", INDEX(JigListsTable[JigsToolsDL],ROW()-ROW(JigListsTable[#Headers])-COUNTIF(JigListsTable[JigsKnivesDL],"?*"))))
S22: =IFERROR(INDEX($D$6:$D$150,_xlfn.AGGREGATE(15,6,(ROW($D$6:$D$150)-ROW($D$6)+1)/($E$6:$E$150="Knives"),ROWS(R$6:R22))),"") | T22: =IFERROR(INDEX($D$6:$D$150,_xlfn.AGGREGATE(15,6,(ROW($D$6:$D$150)-ROW($D$6)+1)/($E$6:$E$150="Tools"),ROWS(R$6:R22))),"") | U22: =IFERROR(INDEX($D$6:$D$150,_xlfn.AGGREGATE(15,6,(ROW($D$6:$D$150)-ROW($D$6)+1)/($E$6:$E$150="Tools NC"),ROWS(R$6:R22))),"") | V22: =IF(ROW()>=(ROW()-COUNTIF(JigListsTable[[#This Row],[JigsToolsDL]]:INDIRECT(ADDRESS(ROW(JigListsTable[JigsToolsDL])-1+ROWS(JigListsTable[JigsToolsDL]),COLUMN(JigListsTable[JigsToolsDL]))),"?*")+1),INDEX(JigListsTable[JigsToolsDL],ROW()-ROW(JigListsTable[#Headers])),IF(ROW()>ROW(JigListsTable[#Headers])+COUNTIF(JigListsTable[[JigsToolsDL]:[JigsToolsNC]],"?*"),"", INDEX(JigListsTable[JigsToolsNC],ROW()-ROW(JigListsTable[#Headers])-COUNTIF(JigListsTable[JigsToolsDL],"?*")))) | W22: =IF(ROW()>=(ROW()-COUNTIF(JigListsTable[[#This Row],[JigsKnivesDL]]:INDIRECT(ADDRESS(ROW(JigListsTable[JigsKnivesDL])-1+ROWS(JigListsTable[JigsKnivesDL]),COLUMN(JigListsTable[JigsKnivesDL]))),"?*")+1),INDEX(JigListsTable[JigsKnivesDL],ROW()-ROW(JigListsTable[#Headers])),IF(ROW()>ROW(JigListsTable[#Headers])+COUNTIF(JigListsTable[[JigsKnivesDL]:[JigsToolsDL]],"?*"),"", INDEX(JigListsTable[JigsToolsDL],ROW()-ROW(JigListsTable[#Headers])-COUNTIF(JigListsTable[JigsKnivesDL],"?*"))))
S23: =IFERROR(INDEX($D$6:$D$150,_xlfn.AGGREGATE(15,6,(ROW($D$6:$D$150)-ROW($D$6)+1)/($E$6:$E$150="Knives"),ROWS(R$6:R23))),"") | T23: =IFERROR(INDEX($D$6:$D$150,_xlfn.AGGREGATE(15,6,(ROW($D$6:$D$150)-ROW($D$6)+1)/($E$6:$E$150="Tools"),ROWS(R$6:R23))),"") | U23: =IFERROR(INDEX($D$6:$D$150,_xlfn.AGGREGATE(15,6,(ROW($D$6:$D$150)-ROW($D$6)+1)/($E$6:$E$150="Tools NC"),ROWS(R$6:R23))),"") | V23: =IF(ROW()>=(ROW()-COUNTIF(JigListsTable[[#This Row],[JigsToolsDL]]:INDIRECT(ADDRESS(ROW(JigListsTable[JigsToolsDL])-1+ROWS(JigListsTable[JigsToolsDL]),COLUMN(JigListsTable[JigsToolsDL]))),"?*")+1),INDEX(JigListsTable[JigsToolsDL],ROW()-ROW(JigListsTable[#Headers])),IF(ROW()>ROW(JigListsTable[#Headers])+COUNTIF(JigListsTable[[JigsToolsDL]:[JigsToolsNC]],"?*"),"", INDEX(JigListsTable[JigsToolsNC],ROW()-ROW(JigListsTable[#Headers])-COUNTIF(JigListsTable[JigsToolsDL],"?*")))) | W23: =IF(ROW()>=(ROW()-COUNTIF(JigListsTable[[#This Row],[JigsKnivesDL]]:INDIRECT(ADDRESS(ROW(JigListsTable[JigsKnivesDL])-1+ROWS(JigListsTable[JigsKnivesDL]),COLUMN(JigListsTable[JigsKnivesDL]))),"?*")+1),INDEX(JigListsTable[JigsKnivesDL],ROW()-ROW(JigListsTable[#Headers])),IF(ROW()>ROW(JigListsTable[#Headers])+COUNTIF(JigListsTable[[JigsKnivesDL]:[JigsToolsDL]],"?*"),"", INDEX(JigListsTable[JigsToolsDL],ROW()-ROW(JigListsTable[#Headers])-COUNTIF(JigListsTable[JigsKnivesDL],"?*"))))
B24: 4 | C24: Long Knife Jig | D24: SVM-140 E | E24: Knives | F24: 15.3 | H24: 0 | J24: With eccentric bushing for easy knife axis centering. | S24: =IFERROR(INDEX($D$6:$D$150,_xlfn.AGGREGATE(15,6,(ROW($D$6:$D$150)-ROW($D$6)+1)/($E$6:$E$150="Knives"),ROWS(R$6:R24))),"") | T24: =IFERROR(INDEX($D$6:$D$150,_xlfn.AGGREGATE(15,6,(ROW($D$6:$D$150)-ROW($D$6)+1)/($E$6:$E$150="Tools"),ROWS(R$6:R24))),"") | U24: =IFERROR(INDEX($D$6:$D$150,_xlfn.AGGREGATE(15,6,(ROW($D$6:$D$150)-ROW($D$6)+1)/($E$6:$E$150="Tools NC"),ROWS(R$6:R24))),"") | V24: =IF(ROW()>=(ROW()-COUNTIF(JigListsTable[[#This Row],[JigsToolsDL]]:INDIRECT(ADDRESS(ROW(JigListsTable[JigsToolsDL])-1+ROWS(JigListsTable[JigsToolsDL]),COLUMN(JigListsTable[JigsToolsDL]))),"?*")+1),INDEX(JigListsTable[JigsToolsDL],ROW()-ROW(JigListsTable[#Headers])),IF(ROW()>ROW(JigListsTable[#Headers])+COUNTIF(JigListsTable[[JigsToolsDL]:[JigsToolsNC]],"?*"),"", INDEX(JigListsTable[JigsToolsNC],ROW()-ROW(JigListsTable[#Headers])-COUNTIF(JigListsTable[JigsToolsDL],"?*")))) | W24: =IF(ROW()>=(ROW()-COUNTIF(JigListsTable[[#This Row],[JigsKnivesDL]]:INDIRECT(ADDRESS(ROW(JigListsTable[JigsKnivesDL])-1+ROWS(JigListsTable[JigsKnivesDL]),COLUMN(JigListsTable[JigsKnivesDL]))),"?*")+1),INDEX(JigListsTable[JigsKnivesDL],ROW()-ROW(JigListsTable[#Headers])),IF(ROW()>ROW(JigListsTable[#Headers])+COUNTIF(JigListsTable[[JigsKnivesDL]:[JigsToolsDL]],"?*"),"", INDEX(JigListsTable[JigsToolsDL],ROW()-ROW(JigListsTable[#Headers])-COUNTIF(JigListsTable[JigsKnivesDL],"?*"))))
J25: See https://www.tormek.com/forum/index.php?topic=3918.0 | S25: =IFERROR(INDEX($D$6:$D$150,_xlfn.AGGREGATE(15,6,(ROW($D$6:$D$150)-ROW($D$6)+1)/($E$6:$E$150="Knives"),ROWS(R$6:R25))),"") | T25: =IFERROR(INDEX($D$6:$D$150,_xlfn.AGGREGATE(15,6,(ROW($D$6:$D$150)-ROW($D$6)+1)/($E$6:$E$150="Tools"),ROWS(R$6:R25))),"") | U25: =IFERROR(INDEX($D$6:$D$150,_xlfn.AGGREGATE(15,6,(ROW($D$6:$D$150)-ROW($D$6)+1)/($E$6:$E$150="Tools NC"),ROWS(R$6:R25))),"") | V25: =IF(ROW()>=(ROW()-COUNTIF(JigListsTable[[#This Row],[JigsToolsDL]]:INDIRECT(ADDRESS(ROW(JigListsTable[JigsToolsDL])-1+ROWS(JigListsTable[JigsToolsDL]),COLUMN(JigListsTable[JigsToolsDL]))),"?*")+1),INDEX(JigListsTable[JigsToolsDL],ROW()-ROW(JigListsTable[#Headers])),IF(ROW()>ROW(JigListsTable[#Headers])+COUNTIF(JigListsTable[[JigsToolsDL]:[JigsToolsNC]],"?*"),"", INDEX(JigListsTable[JigsToolsNC],ROW()-ROW(JigListsTable[#Headers])-COUNTIF(JigListsTable[JigsToolsDL],"?*")))) | W25: =IF(ROW()>=(ROW()-COUNTIF(JigListsTable[[#This Row],[JigsKnivesDL]]:INDIRECT(ADDRESS(ROW(JigListsTable[JigsKnivesDL])-1+ROWS(JigListsTable[JigsKnivesDL]),COLUMN(JigListsTable[JigsKnivesDL]))),"?*")+1),INDEX(JigListsTable[JigsKnivesDL],ROW()-ROW(JigListsTable[#Headers])),IF(ROW()>ROW(JigListsTable[#Headers])+COUNTIF(JigListsTable[[JigsKnivesDL]:[JigsToolsDL]],"?*"),"", INDEX(JigListsTable[JigsToolsDL],ROW()-ROW(JigListsTable[#Headers])-COUNTIF(JigListsTable[JigsKnivesDL],"?*"))))
J26: Calculations are valid for symmetrical grind (double bevel) by default. | S26: =IFERROR(INDEX($D$6:$D$150,_xlfn.AGGREGATE(15,6,(ROW($D$6:$D$150)-ROW($D$6)+1)/($E$6:$E$150="Knives"),ROWS(R$6:R26))),"") | T26: =IFERROR(INDEX($D$6:$D$150,_xlfn.AGGREGATE(15,6,(ROW($D$6:$D$150)-ROW($D$6)+1)/($E$6:$E$150="Tools"),ROWS(R$6:R26))),"") | U26: =IFERROR(INDEX($D$6:$D$150,_xlfn.AGGREGATE(15,6,(ROW($D$6:$D$150)-ROW($D$6)+1)/($E$6:$E$150="Tools NC"),ROWS(R$6:R26))),"") | V26: =IF(ROW()>=(ROW()-COUNTIF(JigListsTable[[#This Row],[JigsToolsDL]]:INDIRECT(ADDRESS(ROW(JigListsTable[JigsToolsDL])-1+ROWS(JigListsTable[JigsToolsDL]),COLUMN(JigListsTable[JigsToolsDL]))),"?*")+1),INDEX(JigListsTable[JigsToolsDL],ROW()-ROW(JigListsTable[#Headers])),IF(ROW()>ROW(JigListsTable[#Headers])+COUNTIF(JigListsTable[[JigsToolsDL]:[JigsToolsNC]],"?*"),"", INDEX(JigListsTable[JigsToolsNC],ROW()-ROW(JigListsTable[#Headers])-COUNTIF(JigListsTable[JigsToolsDL],"?*")))) | W26: =IF(ROW()>=(ROW()-COUNTIF(JigListsTable[[#This Row],[JigsKnivesDL]]:INDIRECT(ADDRESS(ROW(JigListsTable[JigsKnivesDL])-1+ROWS(JigListsTable[JigsKnivesDL]),COLUMN(JigListsTable[JigsKnivesDL]))),"?*")+1),INDEX(JigListsTable[JigsKnivesDL],ROW()-ROW(JigListsTable[#Headers])),IF(ROW()>ROW(JigListsTable[#Headers])+COUNTIF(JigListsTable[[JigsKnivesDL]:[JigsToolsDL]],"?*"),"", INDEX(JigListsTable[JigsToolsDL],ROW()-ROW(JigListsTable[#Headers])-COUNTIF(JigListsTable[JigsKnivesDL],"?*"))))
J27: For precise single bevel grind edge thickness compensation is required, | S27: =IFERROR(INDEX($D$6:$D$150,_xlfn.AGGREGATE(15,6,(ROW($D$6:$D$150)-ROW($D$6)+1)/($E$6:$E$150="Knives"),ROWS(R$6:R27))),"") | T27: =IFERROR(INDEX($D$6:$D$150,_xlfn.AGGREGATE(15,6,(ROW($D$6:$D$150)-ROW($D$6)+1)/($E$6:$E$150="Tools"),ROWS(R$6:R27))),"") | U27: =IFERROR(INDEX($D$6:$D$150,_xlfn.AGGREGATE(15,6,(ROW($D$6:$D$150)-ROW($D$6)+1)/($E$6:$E$150="Tools NC"),ROWS(R$6:R27))),"") | V27: =IF(ROW()>=(ROW()-COUNTIF(JigListsTable[[#This Row],[JigsToolsDL]]:INDIRECT(ADDRESS(ROW(JigListsTable[JigsToolsDL])-1+ROWS(JigListsTable[JigsToolsDL]),COLUMN(JigListsTable[JigsToolsDL]))),"?*")+1),INDEX(JigListsTable[JigsToolsDL],ROW()-ROW(JigListsTable[#Headers])),IF(ROW()>ROW(JigListsTable[#Headers])+COUNTIF(JigListsTable[[JigsToolsDL]:[JigsToolsNC]],"?*"),"", INDEX(JigListsTable[JigsToolsNC],ROW()-ROW(JigListsTable[#Headers])-COUNTIF(JigListsTable[JigsToolsDL],"?*")))) | W27: =IF(ROW()>=(ROW()-COUNTIF(JigListsTable[[#This Row],[JigsKnivesDL]]:INDIRECT(ADDRESS(ROW(JigListsTable[JigsKnivesDL])-1+ROWS(JigListsTable[JigsKnivesDL]),COLUMN(JigListsTable[JigsKnivesDL]))),"?*")+1),INDEX(JigListsTable[JigsKnivesDL],ROW()-ROW(JigListsTable[#Headers])),IF(ROW()>ROW(JigListsTable[#Headers])+COUNTIF(JigListsTable[[JigsKnivesDL]:[JigsToolsDL]],"?*"),"", INDEX(JigListsTable[JigsToolsDL],ROW()-ROW(JigListsTable[#Headers])-COUNTIF(JigListsTable[JigsKnivesDL],"?*"))))
J28: see FAQ for details. | S28: =IFERROR(INDEX($D$6:$D$150,_xlfn.AGGREGATE(15,6,(ROW($D$6:$D$150)-ROW($D$6)+1)/($E$6:$E$150="Knives"),ROWS(R$6:R28))),"") | T28: =IFERROR(INDEX($D$6:$D$150,_xlfn.AGGREGATE(15,6,(ROW($D$6:$D$150)-ROW($D$6)+1)/($E$6:$E$150="Tools"),ROWS(R$6:R28))),"") | U28: =IFERROR(INDEX($D$6:$D$150,_xlfn.AGGREGATE(15,6,(ROW($D$6:$D$150)-ROW($D$6)+1)/($E$6:$E$150="Tools NC"),ROWS(R$6:R28))),"") | V28: =IF(ROW()>=(ROW()-COUNTIF(JigListsTable[[#This Row],[JigsToolsDL]]:INDIRECT(ADDRESS(ROW(JigListsTable[JigsToolsDL])-1+ROWS(JigListsTable[JigsToolsDL]),COLUMN(JigListsTable[JigsToolsDL]))),"?*")+1),INDEX(JigListsTable[JigsToolsDL],ROW()-ROW(JigListsTable[#Headers])),IF(ROW()>ROW(JigListsTable[#Headers])+COUNTIF(JigListsTable[[JigsToolsDL]:[JigsToolsNC]],"?*"),"", INDEX(JigListsTable[JigsToolsNC],ROW()-ROW(JigListsTable[#Headers])-COUNTIF(JigListsTable[JigsToolsDL],"?*")))) | W28: =IF(ROW()>=(ROW()-COUNTIF(JigListsTable[[#This Row],[JigsKnivesDL]]:INDIRECT(ADDRESS(ROW(JigListsTable[JigsKnivesDL])-1+ROWS(JigListsTable[JigsKnivesDL]),COLUMN(JigListsTable[JigsKnivesDL]))),"?*")+1),INDEX(JigListsTable[JigsKnivesDL],ROW()-ROW(JigListsTable[#Headers])),IF(ROW()>ROW(JigListsTable[#Headers])+COUNTIF(JigListsTable[[JigsKnivesDL]:[JigsToolsDL]],"?*"),"", INDEX(JigListsTable[JigsToolsDL],ROW()-ROW(JigListsTable[#Headers])-COUNTIF(JigListsTable[JigsKnivesDL],"?*"))))
S29: =IFERROR(INDEX($D$6:$D$150,_xlfn.AGGREGATE(15,6,(ROW($D$6:$D$150)-ROW($D$6)+1)/($E$6:$E$150="Knives"),ROWS(R$6:R29))),"") | T29: =IFERROR(INDEX($D$6:$D$150,_xlfn.AGGREGATE(15,6,(ROW($D$6:$D$150)-ROW($D$6)+1)/($E$6:$E$150="Tools"),ROWS(R$6:R29))),"") | U29: =IFERROR(INDEX($D$6:$D$150,_xlfn.AGGREGATE(15,6,(ROW($D$6:$D$150)-ROW($D$6)+1)/($E$6:$E$150="Tools NC"),ROWS(R$6:R29))),"") | V29: =IF(ROW()>=(ROW()-COUNTIF(JigListsTable[[#This Row],[JigsToolsDL]]:INDIRECT(ADDRESS(ROW(JigListsTable[JigsToolsDL])-1+ROWS(JigListsTable[JigsToolsDL]),COLUMN(JigListsTable[JigsToolsDL]))),"?*")+1),INDEX(JigListsTable[JigsToolsDL],ROW()-ROW(JigListsTable[#Headers])),IF(ROW()>ROW(JigListsTable[#Headers])+COUNTIF(JigListsTable[[JigsToolsDL]:[JigsToolsNC]],"?*"),"", INDEX(JigListsTable[JigsToolsNC],ROW()-ROW(JigListsTable[#Headers])-COUNTIF(JigListsTable[JigsToolsDL],"?*")))) | W29: =IF(ROW()>=(ROW()-COUNTIF(JigListsTable[[#This Row],[JigsKnivesDL]]:INDIRECT(ADDRESS(ROW(JigListsTable[JigsKnivesDL])-1+ROWS(JigListsTable[JigsKnivesDL]),COLUMN(JigListsTable[JigsKnivesDL]))),"?*")+1),INDEX(JigListsTable[JigsKnivesDL],ROW()-ROW(JigListsTable[#Headers])),IF(ROW()>ROW(JigListsTable[#Headers])+COUNTIF(JigListsTable[[JigsKnivesDL]:[JigsToolsDL]],"?*"),"", INDEX(JigListsTable[JigsToolsDL],ROW()-ROW(JigListsTable[#Headers])-COUNTIF(JigListsTable[JigsKnivesDL],"?*"))))
B30: 5 | C30: Small Knife Holder | D30: SVM-00 | E30: Knives | F30: 12 | H30: 0 | J30: Using with SVM-45. | S30: =IFERROR(INDEX($D$6:$D$150,_xlfn.AGGREGATE(15,6,(ROW($D$6:$D$150)-ROW($D$6)+1)/($E$6:$E$150="Knives"),ROWS(R$6:R30))),"") | T30: =IFERROR(INDEX($D$6:$D$150,_xlfn.AGGREGATE(15,6,(ROW($D$6:$D$150)-ROW($D$6)+1)/($E$6:$E$150="Tools"),ROWS(R$6:R30))),"") | U30: =IFERROR(INDEX($D$6:$D$150,_xlfn.AGGREGATE(15,6,(ROW($D$6:$D$150)-ROW($D$6)+1)/($E$6:$E$150="Tools NC"),ROWS(R$6:R30))),"") | V30: =IF(ROW()>=(ROW()-COUNTIF(JigListsTable[[#This Row],[JigsToolsDL]]:INDIRECT(ADDRESS(ROW(JigListsTable[JigsToolsDL])-1+ROWS(JigListsTable[JigsToolsDL]),COLUMN(JigListsTable[JigsToolsDL]))),"?*")+1),INDEX(JigListsTable[JigsToolsDL],ROW()-ROW(JigListsTable[#Headers])),IF(ROW()>ROW(JigListsTable[#Headers])+COUNTIF(JigListsTable[[JigsToolsDL]:[JigsToolsNC]],"?*"),"", INDEX(JigListsTable[JigsToolsNC],ROW()-ROW(JigListsTable[#Headers])-COUNTIF(JigListsTable[JigsToolsDL],"?*")))) | W30: =IF(ROW()>=(ROW()-COUNTIF(JigListsTable[[#This Row],[JigsKnivesDL]]:INDIRECT(ADDRESS(ROW(JigListsTable[JigsKnivesDL])-1+ROWS(JigListsTable[JigsKnivesDL]),COLUMN(JigListsTable[JigsKnivesDL]))),"?*")+1),INDEX(JigListsTable[JigsKnivesDL],ROW()-ROW(JigListsTable[#Headers])),IF(ROW()>ROW(JigListsTable[#Headers])+COUNTIF(JigListsTable[[JigsKnivesDL]:[JigsToolsDL]],"?*"),"", INDEX(JigListsTable[JigsToolsDL],ROW()-ROW(JigListsTable[#Headers])-COUNTIF(JigListsTable[JigsKnivesDL],"?*"))))
J31: Calculations are valid for symmetrical grind (double bevel) by default. | S31: =IFERROR(INDEX($D$6:$D$150,_xlfn.AGGREGATE(15,6,(ROW($D$6:$D$150)-ROW($D$6)+1)/($E$6:$E$150="Knives"),ROWS(R$6:R31))),"") | T31: =IFERROR(INDEX($D$6:$D$150,_xlfn.AGGREGATE(15,6,(ROW($D$6:$D$150)-ROW($D$6)+1)/($E$6:$E$150="Tools"),ROWS(R$6:R31))),"") | U31: =IFERROR(INDEX($D$6:$D$150,_xlfn.AGGREGATE(15,6,(ROW($D$6:$D$150)-ROW($D$6)+1)/($E$6:$E$150="Tools NC"),ROWS(R$6:R31))),"") | V31: =IF(ROW()>=(ROW()-COUNTIF(JigListsTable[[#This Row],[JigsToolsDL]]:INDIRECT(ADDRESS(ROW(JigListsTable[JigsToolsDL])-1+ROWS(JigListsTable[JigsToolsDL]),COLUMN(JigListsTable[JigsToolsDL]))),"?*")+1),INDEX(JigListsTable[JigsToolsDL],ROW()-ROW(JigListsTable[#Headers])),IF(ROW()>ROW(JigListsTable[#Headers])+COUNTIF(JigListsTable[[JigsToolsDL]:[JigsToolsNC]],"?*"),"", INDEX(JigListsTable[JigsToolsNC],ROW()-ROW(JigListsTable[#Headers])-COUNTIF(JigListsTable[JigsToolsDL],"?*")))) | W31: =IF(ROW()>=(ROW()-COUNTIF(JigListsTable[[#This Row],[JigsKnivesDL]]:INDIRECT(ADDRESS(ROW(JigListsTable[JigsKnivesDL])-1+ROWS(JigListsTable[JigsKnivesDL]),COLUMN(JigListsTable[JigsKnivesDL]))),"?*")+1),INDEX(JigListsTable[JigsKnivesDL],ROW()-ROW(JigListsTable[#Headers])),IF(ROW()>ROW(JigListsTable[#Headers])+COUNTIF(JigListsTable[[JigsKnivesDL]:[JigsToolsDL]],"?*"),"", INDEX(JigListsTable[JigsToolsDL],ROW()-ROW(JigListsTable[#Headers])-COUNTIF(JigListsTable[JigsKnivesDL],"?*"))))
J32: For precise single bevel grind edge thickness compensation is required, | S32: =IFERROR(INDEX($D$6:$D$150,_xlfn.AGGREGATE(15,6,(ROW($D$6:$D$150)-ROW($D$6)+1)/($E$6:$E$150="Knives"),ROWS(R$6:R32))),"") | T32: =IFERROR(INDEX($D$6:$D$150,_xlfn.AGGREGATE(15,6,(ROW($D$6:$D$150)-ROW($D$6)+1)/($E$6:$E$150="Tools"),ROWS(R$6:R32))),"") | U32: =IFERROR(INDEX($D$6:$D$150,_xlfn.AGGREGATE(15,6,(ROW($D$6:$D$150)-ROW($D$6)+1)/($E$6:$E$150="Tools NC"),ROWS(R$6:R32))),"") | V32: =IF(ROW()>=(ROW()-COUNTIF(JigListsTable[[#This Row],[JigsToolsDL]]:INDIRECT(ADDRESS(ROW(JigListsTable[JigsToolsDL])-1+ROWS(JigListsTable[JigsToolsDL]),COLUMN(JigListsTable[JigsToolsDL]))),"?*")+1),INDEX(JigListsTable[JigsToolsDL],ROW()-ROW(JigListsTable[#Headers])),IF(ROW()>ROW(JigListsTable[#Headers])+COUNTIF(JigListsTable[[JigsToolsDL]:[JigsToolsNC]],"?*"),"", INDEX(JigListsTable[JigsToolsNC],ROW()-ROW(JigListsTable[#Headers])-COUNTIF(JigListsTable[JigsToolsDL],"?*")))) | W32: =IF(ROW()>=(ROW()-COUNTIF(JigListsTable[[#This Row],[JigsKnivesDL]]:INDIRECT(ADDRESS(ROW(JigListsTable[JigsKnivesDL])-1+ROWS(JigListsTable[JigsKnivesDL]),COLUMN(JigListsTable[JigsKnivesDL]))),"?*")+1),INDEX(JigListsTable[JigsKnivesDL],ROW()-ROW(JigListsTable[#Headers])),IF(ROW()>ROW(JigListsTable[#Headers])+COUNTIF(JigListsTable[[JigsKnivesDL]:[JigsToolsDL]],"?*"),"", INDEX(JigListsTable[JigsToolsDL],ROW()-ROW(JigListsTable[#Headers])-COUNTIF(JigListsTable[JigsKnivesDL],"?*"))))
J33: see FAQ for details. | S33: =IFERROR(INDEX($D$6:$D$150,_xlfn.AGGREGATE(15,6,(ROW($D$6:$D$150)-ROW($D$6)+1)/($E$6:$E$150="Knives"),ROWS(R$6:R33))),"") | T33: =IFERROR(INDEX($D$6:$D$150,_xlfn.AGGREGATE(15,6,(ROW($D$6:$D$150)-ROW($D$6)+1)/($E$6:$E$150="Tools"),ROWS(R$6:R33))),"") | U33: =IFERROR(INDEX($D$6:$D$150,_xlfn.AGGREGATE(15,6,(ROW($D$6:$D$150)-ROW($D$6)+1)/($E$6:$E$150="Tools NC"),ROWS(R$6:R33))),"") | V33: =IF(ROW()>=(ROW()-COUNTIF(JigListsTable[[#This Row],[JigsToolsDL]]:INDIRECT(ADDRESS(ROW(JigListsTable[JigsToolsDL])-1+ROWS(JigListsTable[JigsToolsDL]),COLUMN(JigListsTable[JigsToolsDL]))),"?*")+1),INDEX(JigListsTable[JigsToolsDL],ROW()-ROW(JigListsTable[#Headers])),IF(ROW()>ROW(JigListsTable[#Headers])+COUNTIF(JigListsTable[[JigsToolsDL]:[JigsToolsNC]],"?*"),"", INDEX(JigListsTable[JigsToolsNC],ROW()-ROW(JigListsTable[#Headers])-COUNTIF(JigListsTable[JigsToolsDL],"?*")))) | W33: =IF(ROW()>=(ROW()-COUNTIF(JigListsTable[[#This Row],[JigsKnivesDL]]:INDIRECT(ADDRESS(ROW(JigListsTable[JigsKnivesDL])-1+ROWS(JigListsTable[JigsKnivesDL]),COLUMN(JigListsTable[JigsKnivesDL]))),"?*")+1),INDEX(JigListsTable[JigsKnivesDL],ROW()-ROW(JigListsTable[#Headers])),IF(ROW()>ROW(JigListsTable[#Headers])+COUNTIF(JigListsTable[[JigsKnivesDL]:[JigsToolsDL]],"?*"),"", INDEX(JigListsTable[JigsToolsDL],ROW()-ROW(JigListsTable[#Headers])-COUNTIF(JigListsTable[JigsKnivesDL],"?*"))))
S34: =IFERROR(INDEX($D$6:$D$150,_xlfn.AGGREGATE(15,6,(ROW($D$6:$D$150)-ROW($D$6)+1)/($E$6:$E$150="Knives"),ROWS(R$6:R34))),"") | T34: =IFERROR(INDEX($D$6:$D$150,_xlfn.AGGREGATE(15,6,(ROW($D$6:$D$150)-ROW($D$6)+1)/($E$6:$E$150="Tools"),ROWS(R$6:R34))),"") | U34: =IFERROR(INDEX($D$6:$D$150,_xlfn.AGGREGATE(15,6,(ROW($D$6:$D$150)-ROW($D$6)+1)/($E$6:$E$150="Tools NC"),ROWS(R$6:R34))),"") | V34: =IF(ROW()>=(ROW()-COUNTIF(JigListsTable[[#This Row],[JigsToolsDL]]:INDIRECT(ADDRESS(ROW(JigListsTable[JigsToolsDL])-1+ROWS(JigListsTable[JigsToolsDL]),COLUMN(JigListsTable[JigsToolsDL]))),"?*")+1),INDEX(JigListsTable[JigsToolsDL],ROW()-ROW(JigListsTable[#Headers])),IF(ROW()>ROW(JigListsTable[#Headers])+COUNTIF(JigListsTable[[JigsToolsDL]:[JigsToolsNC]],"?*"),"", INDEX(JigListsTable[JigsToolsNC],ROW()-ROW(JigListsTable[#Headers])-COUNTIF(JigListsTable[JigsToolsDL],"?*")))) | W34: =IF(ROW()>=(ROW()-COUNTIF(JigListsTable[[#This Row],[JigsKnivesDL]]:INDIRECT(ADDRESS(ROW(JigListsTable[JigsKnivesDL])-1+ROWS(JigListsTable[JigsKnivesDL]),COLUMN(JigListsTable[JigsKnivesDL]))),"?*")+1),INDEX(JigListsTable[JigsKnivesDL],ROW()-ROW(JigListsTable[#Headers])),IF(ROW()>ROW(JigListsTable[#Headers])+COUNTIF(JigListsTable[[JigsKnivesDL]:[JigsToolsDL]],"?*"),"", INDEX(JigListsTable[JigsToolsDL],ROW()-ROW(JigListsTable[#Headers])-COUNTIF(JigListsTable[JigsKnivesDL],"?*"))))
S35: =IFERROR(INDEX($D$6:$D$150,_xlfn.AGGREGATE(15,6,(ROW($D$6:$D$150)-ROW($D$6)+1)/($E$6:$E$150="Knives"),ROWS(R$6:R35))),"") | T35: =IFERROR(INDEX($D$6:$D$150,_xlfn.AGGREGATE(15,6,(ROW($D$6:$D$150)-ROW($D$6)+1)/($E$6:$E$150="Tools"),ROWS(R$6:R35))),"") | U35: =IFERROR(INDEX($D$6:$D$150,_xlfn.AGGREGATE(15,6,(ROW($D$6:$D$150)-ROW($D$6)+1)/($E$6:$E$150="Tools NC"),ROWS(R$6:R35))),"") | V35: =IF(ROW()>=(ROW()-COUNTIF(JigListsTable[[#This Row],[JigsToolsDL]]:INDIRECT(ADDRESS(ROW(JigListsTable[JigsToolsDL])-1+ROWS(JigListsTable[JigsToolsDL]),COLUMN(JigListsTable[JigsToolsDL]))),"?*")+1),INDEX(JigListsTable[JigsToolsDL],ROW()-ROW(JigListsTable[#Headers])),IF(ROW()>ROW(JigListsTable[#Headers])+COUNTIF(JigListsTable[[JigsToolsDL]:[JigsToolsNC]],"?*"),"", INDEX(JigListsTable[JigsToolsNC],ROW()-ROW(JigListsTable[#Headers])-COUNTIF(JigListsTable[JigsToolsDL],"?*")))) | W35: =IF(ROW()>=(ROW()-COUNTIF(JigListsTable[[#This Row],[JigsKnivesDL]]:INDIRECT(ADDRESS(ROW(JigListsTable[JigsKnivesDL])-1+ROWS(JigListsTable[JigsKnivesDL]),COLUMN(JigListsTable[JigsKnivesDL]))),"?*")+1),INDEX(JigListsTable[JigsKnivesDL],ROW()-ROW(JigListsTable[#Headers])),IF(ROW()>ROW(JigListsTable[#Headers])+COUNTIF(JigListsTable[[JigsKnivesDL]:[JigsToolsDL]],"?*"),"", INDEX(JigListsTable[JigsToolsDL],ROW()-ROW(JigListsTable[#Headers])-COUNTIF(JigListsTable[JigsKnivesDL],"?*"))))
B36: 6 | C36: Small Knife Holder | D36: SVM-00 E | E36: Knives | F36: 15.3 | H36: 0 | J36: Using with SVM-45 E. | S36: =IFERROR(INDEX($D$6:$D$150,_xlfn.AGGREGATE(15,6,(ROW($D$6:$D$150)-ROW($D$6)+1)/($E$6:$E$150="Knives"),ROWS(R$6:R36))),"") | T36: =IFERROR(INDEX($D$6:$D$150,_xlfn.AGGREGATE(15,6,(ROW($D$6:$D$150)-ROW($D$6)+1)/($E$6:$E$150="Tools"),ROWS(R$6:R36))),"") | U36: =IFERROR(INDEX($D$6:$D$150,_xlfn.AGGREGATE(15,6,(ROW($D$6:$D$150)-ROW($D$6)+1)/($E$6:$E$150="Tools NC"),ROWS(R$6:R36))),"") | V36: =IF(ROW()>=(ROW()-COUNTIF(JigListsTable[[#This Row],[JigsToolsDL]]:INDIRECT(ADDRESS(ROW(JigListsTable[JigsToolsDL])-1+ROWS(JigListsTable[JigsToolsDL]),COLUMN(JigListsTable[JigsToolsDL]))),"?*")+1),INDEX(JigListsTable[JigsToolsDL],ROW()-ROW(JigListsTable[#Headers])),IF(ROW()>ROW(JigListsTable[#Headers])+COUNTIF(JigListsTable[[JigsToolsDL]:[JigsToolsNC]],"?*"),"", INDEX(JigListsTable[JigsToolsNC],ROW()-ROW(JigListsTable[#Headers])-COUNTIF(JigListsTable[JigsToolsDL],"?*")))) | W36: =IF(ROW()>=(ROW()-COUNTIF(JigListsTable[[#This Row],[JigsKnivesDL]]:INDIRECT(ADDRESS(ROW(JigListsTable[JigsKnivesDL])-1+ROWS(JigListsTable[JigsKnivesDL]),COLUMN(JigListsTable[JigsKnivesDL]))),"?*")+1),INDEX(JigListsTable[JigsKnivesDL],ROW()-ROW(JigListsTable[#Headers])),IF(ROW()>ROW(JigListsTable[#Headers])+COUNTIF(JigListsTable[[JigsKnivesDL]:[JigsToolsDL]],"?*"),"", INDEX(JigListsTable[JigsToolsDL],ROW()-ROW(JigListsTable[#Headers])-COUNTIF(JigListsTable[JigsKnivesDL],"?*"))))
J37: Calculations are valid for symmetrical grind (double bevel) by default. | S37: =IFERROR(INDEX($D$6:$D$150,_xlfn.AGGREGATE(15,6,(ROW($D$6:$D$150)-ROW($D$6)+1)/($E$6:$E$150="Knives"),ROWS(R$6:R37))),"") | T37: =IFERROR(INDEX($D$6:$D$150,_xlfn.AGGREGATE(15,6,(ROW($D$6:$D$150)-ROW($D$6)+1)/($E$6:$E$150="Tools"),ROWS(R$6:R37))),"") | U37: =IFERROR(INDEX($D$6:$D$150,_xlfn.AGGREGATE(15,6,(ROW($D$6:$D$150)-ROW($D$6)+1)/($E$6:$E$150="Tools NC"),ROWS(R$6:R37))),"") | V37: =IF(ROW()>=(ROW()-COUNTIF(JigListsTable[[#This Row],[JigsToolsDL]]:INDIRECT(ADDRESS(ROW(JigListsTable[JigsToolsDL])-1+ROWS(JigListsTable[JigsToolsDL]),COLUMN(JigListsTable[JigsToolsDL]))),"?*")+1),INDEX(JigListsTable[JigsToolsDL],ROW()-ROW(JigListsTable[#Headers])),IF(ROW()>ROW(JigListsTable[#Headers])+COUNTIF(JigListsTable[[JigsToolsDL]:[JigsToolsNC]],"?*"),"", INDEX(JigListsTable[JigsToolsNC],ROW()-ROW(JigListsTable[#Headers])-COUNTIF(JigListsTable[JigsToolsDL],"?*")))) | W37: =IF(ROW()>=(ROW()-COUNTIF(JigListsTable[[#This Row],[JigsKnivesDL]]:INDIRECT(ADDRESS(ROW(JigListsTable[JigsKnivesDL])-1+ROWS(JigListsTable[JigsKnivesDL]),COLUMN(JigListsTable[JigsKnivesDL]))),"?*")+1),INDEX(JigListsTable[JigsKnivesDL],ROW()-ROW(JigListsTable[#Headers])),IF(ROW()>ROW(JigListsTable[#Headers])+COUNTIF(JigListsTable[[JigsKnivesDL]:[JigsToolsDL]],"?*"),"", INDEX(JigListsTable[JigsToolsDL],ROW()-ROW(JigListsTable[#Headers])-COUNTIF(JigListsTable[JigsKnivesDL],"?*"))))
J38: For precise single bevel grind edge thickness compensation is required, | S38: =IFERROR(INDEX($D$6:$D$150,_xlfn.AGGREGATE(15,6,(ROW($D$6:$D$150)-ROW($D$6)+1)/($E$6:$E$150="Knives"),ROWS(R$6:R38))),"") | T38: =IFERROR(INDEX($D$6:$D$150,_xlfn.AGGREGATE(15,6,(ROW($D$6:$D$150)-ROW($D$6)+1)/($E$6:$E$150="Tools"),ROWS(R$6:R38))),"") | U38: =IFERROR(INDEX($D$6:$D$150,_xlfn.AGGREGATE(15,6,(ROW($D$6:$D$150)-ROW($D$6)+1)/($E$6:$E$150="Tools NC"),ROWS(R$6:R38))),"") | V38: =IF(ROW()>=(ROW()-COUNTIF(JigListsTable[[#This Row],[JigsToolsDL]]:INDIRECT(ADDRESS(ROW(JigListsTable[JigsToolsDL])-1+ROWS(JigListsTable[JigsToolsDL]),COLUMN(JigListsTable[JigsToolsDL]))),"?*")+1),INDEX(JigListsTable[JigsToolsDL],ROW()-ROW(JigListsTable[#Headers])),IF(ROW()>ROW(JigListsTable[#Headers])+COUNTIF(JigListsTable[[JigsToolsDL]:[JigsToolsNC]],"?*"),"", INDEX(JigListsTable[JigsToolsNC],ROW()-ROW(JigListsTable[#Headers])-COUNTIF(JigListsTable[JigsToolsDL],"?*")))) | W38: =IF(ROW()>=(ROW()-COUNTIF(JigListsTable[[#This Row],[JigsKnivesDL]]:INDIRECT(ADDRESS(ROW(JigListsTable[JigsKnivesDL])-1+ROWS(JigListsTable[JigsKnivesDL]),COLUMN(JigListsTable[JigsKnivesDL]))),"?*")+1),INDEX(JigListsTable[JigsKnivesDL],ROW()-ROW(JigListsTable[#Headers])),IF(ROW()>ROW(JigListsTable[#Headers])+COUNTIF(JigListsTable[[JigsKnivesDL]:[JigsToolsDL]],"?*"),"", INDEX(JigListsTable[JigsToolsDL],ROW()-ROW(JigListsTable[#Headers])-COUNTIF(JigListsTable[JigsKnivesDL],"?*"))))
J39: see FAQ for details. | S39: =IFERROR(INDEX($D$6:$D$150,_xlfn.AGGREGATE(15,6,(ROW($D$6:$D$150)-ROW($D$6)+1)/($E$6:$E$150="Knives"),ROWS(R$6:R39))),"") | T39: =IFERROR(INDEX($D$6:$D$150,_xlfn.AGGREGATE(15,6,(ROW($D$6:$D$150)-ROW($D$6)+1)/($E$6:$E$150="Tools"),ROWS(R$6:R39))),"") | U39: =IFERROR(INDEX($D$6:$D$150,_xlfn.AGGREGATE(15,6,(ROW($D$6:$D$150)-ROW($D$6)+1)/($E$6:$E$150="Tools NC"),ROWS(R$6:R39))),"") | V39: =IF(ROW()>=(ROW()-COUNTIF(JigListsTable[[#This Row],[JigsToolsDL]]:INDIRECT(ADDRESS(ROW(JigListsTable[JigsToolsDL])-1+ROWS(JigListsTable[JigsToolsDL]),COLUMN(JigListsTable[JigsToolsDL]))),"?*")+1),INDEX(JigListsTable[JigsToolsDL],ROW()-ROW(JigListsTable[#Headers])),IF(ROW()>ROW(JigListsTable[#Headers])+COUNTIF(JigListsTable[[JigsToolsDL]:[JigsToolsNC]],"?*"),"", INDEX(JigListsTable[JigsToolsNC],ROW()-ROW(JigListsTable[#Headers])-COUNTIF(JigListsTable[JigsToolsDL],"?*")))) | W39: =IF(ROW()>=(ROW()-COUNTIF(JigListsTable[[#This Row],[JigsKnivesDL]]:INDIRECT(ADDRESS(ROW(JigListsTable[JigsKnivesDL])-1+ROWS(JigListsTable[JigsKnivesDL]),COLUMN(JigListsTable[JigsKnivesDL]))),"?*")+1),INDEX(JigListsTable[JigsKnivesDL],ROW()-ROW(JigListsTable[#Headers])),IF(ROW()>ROW(JigListsTable[#Headers])+COUNTIF(JigListsTable[[JigsKnivesDL]:[JigsToolsDL]],"?*"),"", INDEX(JigListsTable[JigsToolsDL],ROW()-ROW(JigListsTable[#Headers])-COUNTIF(JigListsTable[JigsKnivesDL],"?*"))))
S40: =IFERROR(INDEX($D$6:$D$150,_xlfn.AGGREGATE(15,6,(ROW($D$6:$D$150)-ROW($D$6)+1)/($E$6:$E$150="Knives"),ROWS(R$6:R40))),"") | T40: =IFERROR(INDEX($D$6:$D$150,_xlfn.AGGREGATE(15,6,(ROW($D$6:$D$150)-ROW($D$6)+1)/($E$6:$E$150="Tools"),ROWS(R$6:R40))),"") | U40: =IFERROR(INDEX($D$6:$D$150,_xlfn.AGGREGATE(15,6,(ROW($D$6:$D$150)-ROW($D$6)+1)/($E$6:$E$150="Tools NC"),ROWS(R$6:R40))),"") | V40: =IF(ROW()>=(ROW()-COUNTIF(JigListsTable[[#This Row],[JigsToolsDL]]:INDIRECT(ADDRESS(ROW(JigListsTable[JigsToolsDL])-1+ROWS(JigListsTable[JigsToolsDL]),COLUMN(JigListsTable[JigsToolsDL]))),"?*")+1),INDEX(JigListsTable[JigsToolsDL],ROW()-ROW(JigListsTable[#Headers])),IF(ROW()>ROW(JigListsTable[#Headers])+COUNTIF(JigListsTable[[JigsToolsDL]:[JigsToolsNC]],"?*"),"", INDEX(JigListsTable[JigsToolsNC],ROW()-ROW(JigListsTable[#Headers])-COUNTIF(JigListsTable[JigsToolsDL],"?*")))) | W40: =IF(ROW()>=(ROW()-COUNTIF(JigListsTable[[#This Row],[JigsKnivesDL]]:INDIRECT(ADDRESS(ROW(JigListsTable[JigsKnivesDL])-1+ROWS(JigListsTable[JigsKnivesDL]),COLUMN(JigListsTable[JigsKnivesDL]))),"?*")+1),INDEX(JigListsTable[JigsKnivesDL],ROW()-ROW(JigListsTable[#Headers])),IF(ROW()>ROW(JigListsTable[#Headers])+COUNTIF(JigListsTable[[JigsKnivesDL]:[JigsToolsDL]],"?*"),"", INDEX(JigListsTable[JigsToolsDL],ROW()-ROW(JigListsTable[#Headers])-COUNTIF(JigListsTable[JigsKnivesDL],"?*"))))
S41: =IFERROR(INDEX($D$6:$D$150,_xlfn.AGGREGATE(15,6,(ROW($D$6:$D$150)-ROW($D$6)+1)/($E$6:$E$150="Knives"),ROWS(R$6:R41))),"") | T41: =IFERROR(INDEX($D$6:$D$150,_xlfn.AGGREGATE(15,6,(ROW($D$6:$D$150)-ROW($D$6)+1)/($E$6:$E$150="Tools"),ROWS(R$6:R41))),"") | U41: =IFERROR(INDEX($D$6:$D$150,_xlfn.AGGREGATE(15,6,(ROW($D$6:$D$150)-ROW($D$6)+1)/($E$6:$E$150="Tools NC"),ROWS(R$6:R41))),"") | V41: =IF(ROW()>=(ROW()-COUNTIF(JigListsTable[[#This Row],[JigsToolsDL]]:INDIRECT(ADDRESS(ROW(JigListsTable[JigsToolsDL])-1+ROWS(JigListsTable[JigsToolsDL]),COLUMN(JigListsTable[JigsToolsDL]))),"?*")+1),INDEX(JigListsTable[JigsToolsDL],ROW()-ROW(JigListsTable[#Headers])),IF(ROW()>ROW(JigListsTable[#Headers])+COUNTIF(JigListsTable[[JigsToolsDL]:[JigsToolsNC]],"?*"),"", INDEX(JigListsTable[JigsToolsNC],ROW()-ROW(JigListsTable[#Headers])-COUNTIF(JigListsTable[JigsToolsDL],"?*")))) | W41: =IF(ROW()>=(ROW()-COUNTIF(JigListsTable[[#This Row],[JigsKnivesDL]]:INDIRECT(ADDRESS(ROW(JigListsTable[JigsKnivesDL])-1+ROWS(JigListsTable[JigsKnivesDL]),COLUMN(JigListsTable[JigsKnivesDL]))),"?*")+1),INDEX(JigListsTable[JigsKnivesDL],ROW()-ROW(JigListsTable[#Headers])),IF(ROW()>ROW(JigListsTable[#Headers])+COUNTIF(JigListsTable[[JigsKnivesDL]:[JigsToolsDL]],"?*"),"", INDEX(JigListsTable[JigsToolsDL],ROW()-ROW(JigListsTable[#Headers])-COUNTIF(JigListsTable[JigsKnivesDL],"?*"))))
B42: 7 | C42: Square Edge Jig | D42: SE-77 | E42: Tools | F42: =30.6*2-VariableUSBDia -> 49.2 | H42: =24.1+VariableUSBDia/2 -> 30.1 | J42: Jig radius 30,6 mm, Jig diameter M = 30,6*2-12 = 49,2 mm. | S42: =IFERROR(INDEX($D$6:$D$150,_xlfn.AGGREGATE(15,6,(ROW($D$6:$D$150)-ROW($D$6)+1)/($E$6:$E$150="Knives"),ROWS(R$6:R42))),"") | T42: =IFERROR(INDEX($D$6:$D$150,_xlfn.AGGREGATE(15,6,(ROW($D$6:$D$150)-ROW($D$6)+1)/($E$6:$E$150="Tools"),ROWS(R$6:R42))),"") | U42: =IFERROR(INDEX($D$6:$D$150,_xlfn.AGGREGATE(15,6,(ROW($D$6:$D$150)-ROW($D$6)+1)/($E$6:$E$150="Tools NC"),ROWS(R$6:R42))),"") | V42: =IF(ROW()>=(ROW()-COUNTIF(JigListsTable[[#This Row],[JigsToolsDL]]:INDIRECT(ADDRESS(ROW(JigListsTable[JigsToolsDL])-1+ROWS(JigListsTable[JigsToolsDL]),COLUMN(JigListsTable[JigsToolsDL]))),"?*")+1),INDEX(JigListsTable[JigsToolsDL],ROW()-ROW(JigListsTable[#Headers])),IF(ROW()>ROW(JigListsTable[#Headers])+COUNTIF(JigListsTable[[JigsToolsDL]:[JigsToolsNC]],"?*"),"", INDEX(JigListsTable[JigsToolsNC],ROW()-ROW(JigListsTable[#Headers])-COUNTIF(JigListsTable[JigsToolsDL],"?*")))) | W42: =IF(ROW()>=(ROW()-COUNTIF(JigListsTable[[#This Row],[JigsKnivesDL]]:INDIRECT(ADDRESS(ROW(JigListsTable[JigsKnivesDL])-1+ROWS(JigListsTable[JigsKnivesDL]),COLUMN(JigListsTable[JigsKnivesDL]))),"?*")+1),INDEX(JigListsTable[JigsKnivesDL],ROW()-ROW(JigListsTable[#Headers])),IF(ROW()>ROW(JigListsTable[#Headers])+COUNTIF(JigListsTable[[JigsKnivesDL]:[JigsToolsDL]],"?*"),"", INDEX(JigListsTable[JigsToolsDL],ROW()-ROW(JigListsTable[#Headers])-COUNTIF(JigListsTable[JigsKnivesDL],"?*"))))
J43: (USB diameter is compensated in calculations). | S43: =IFERROR(INDEX($D$6:$D$150,_xlfn.AGGREGATE(15,6,(ROW($D$6:$D$150)-ROW($D$6)+1)/($E$6:$E$150="Knives"),ROWS(R$6:R43))),"") | T43: =IFERROR(INDEX($D$6:$D$150,_xlfn.AGGREGATE(15,6,(ROW($D$6:$D$150)-ROW($D$6)+1)/($E$6:$E$150="Tools"),ROWS(R$6:R43))),"") | U43: =IFERROR(INDEX($D$6:$D$150,_xlfn.AGGREGATE(15,6,(ROW($D$6:$D$150)-ROW($D$6)+1)/($E$6:$E$150="Tools NC"),ROWS(R$6:R43))),"") | V43: =IF(ROW()>=(ROW()-COUNTIF(JigListsTable[[#This Row],[JigsToolsDL]]:INDIRECT(ADDRESS(ROW(JigListsTable[JigsToolsDL])-1+ROWS(JigListsTable[JigsToolsDL]),COLUMN(JigListsTable[JigsToolsDL]))),"?*")+1),INDEX(JigListsTable[JigsToolsDL],ROW()-ROW(JigListsTable[#Headers])),IF(ROW()>ROW(JigListsTable[#Headers])+COUNTIF(JigListsTable[[JigsToolsDL]:[JigsToolsNC]],"?*"),"", INDEX(JigListsTable[JigsToolsNC],ROW()-ROW(JigListsTable[#Headers])-COUNTIF(JigListsTable[JigsToolsDL],"?*")))) | W43: =IF(ROW()>=(ROW()-COUNTIF(JigListsTable[[#This Row],[JigsKnivesDL]]:INDIRECT(ADDRESS(ROW(JigListsTable[JigsKnivesDL])-1+ROWS(JigListsTable[JigsKnivesDL]),COLUMN(JigListsTable[JigsKnivesDL]))),"?*")+1),INDEX(JigListsTable[JigsKnivesDL],ROW()-ROW(JigListsTable[#Headers])),IF(ROW()>ROW(JigListsTable[#Headers])+COUNTIF(JigListsTable[[JigsKnivesDL]:[JigsToolsDL]],"?*"),"", INDEX(JigListsTable[JigsToolsDL],ROW()-ROW(JigListsTable[#Headers])-COUNTIF(JigListsTable[JigsKnivesDL],"?*"))))
J44: Projection length correction X+ = 24,1+6 = 30,1 mm. | S44: =IFERROR(INDEX($D$6:$D$150,_xlfn.AGGREGATE(15,6,(ROW($D$6:$D$150)-ROW($D$6)+1)/($E$6:$E$150="Knives"),ROWS(R$6:R44))),"") | T44: =IFERROR(INDEX($D$6:$D$150,_xlfn.AGGREGATE(15,6,(ROW($D$6:$D$150)-ROW($D$6)+1)/($E$6:$E$150="Tools"),ROWS(R$6:R44))),"") | U44: =IFERROR(INDEX($D$6:$D$150,_xlfn.AGGREGATE(15,6,(ROW($D$6:$D$150)-ROW($D$6)+1)/($E$6:$E$150="Tools NC"),ROWS(R$6:R44))),"") | V44: =IF(ROW()>=(ROW()-COUNTIF(JigListsTable[[#This Row],[JigsToolsDL]]:INDIRECT(ADDRESS(ROW(JigListsTable[JigsToolsDL])-1+ROWS(JigListsTable[JigsToolsDL]),COLUMN(JigListsTable[JigsToolsDL]))),"?*")+1),INDEX(JigListsTable[JigsToolsDL],ROW()-ROW(JigListsTable[#Headers])),IF(ROW()>ROW(JigListsTable[#Headers])+COUNTIF(JigListsTable[[JigsToolsDL]:[JigsToolsNC]],"?*"),"", INDEX(JigListsTable[JigsToolsNC],ROW()-ROW(JigListsTable[#Headers])-COUNTIF(JigListsTable[JigsToolsDL],"?*")))) | W44: =IF(ROW()>=(ROW()-COUNTIF(JigListsTable[[#This Row],[JigsKnivesDL]]:INDIRECT(ADDRESS(ROW(JigListsTable[JigsKnivesDL])-1+ROWS(JigListsTable[JigsKnivesDL]),COLUMN(JigListsTable[JigsKnivesDL]))),"?*")+1),INDEX(JigListsTable[JigsKnivesDL],ROW()-ROW(JigListsTable[#Headers])),IF(ROW()>ROW(JigListsTable[#Headers])+COUNTIF(JigListsTable[[JigsKnivesDL]:[JigsToolsDL]],"?*"),"", INDEX(JigListsTable[JigsToolsDL],ROW()-ROW(JigListsTable[#Headers])-COUNTIF(JigListsTable[JigsKnivesDL],"?*"))))
J45: (Projection length X is calculated from the surface of the USB.) | S45: =IFERROR(INDEX($D$6:$D$150,_xlfn.AGGREGATE(15,6,(ROW($D$6:$D$150)-ROW($D$6)+1)/($E$6:$E$150="Knives"),ROWS(R$6:R45))),"") | T45: =IFERROR(INDEX($D$6:$D$150,_xlfn.AGGREGATE(15,6,(ROW($D$6:$D$150)-ROW($D$6)+1)/($E$6:$E$150="Tools"),ROWS(R$6:R45))),"") | U45: =IFERROR(INDEX($D$6:$D$150,_xlfn.AGGREGATE(15,6,(ROW($D$6:$D$150)-ROW($D$6)+1)/($E$6:$E$150="Tools NC"),ROWS(R$6:R45))),"") | V45: =IF(ROW()>=(ROW()-COUNTIF(JigListsTable[[#This Row],[JigsToolsDL]]:INDIRECT(ADDRESS(ROW(JigListsTable[JigsToolsDL])-1+ROWS(JigListsTable[JigsToolsDL]),COLUMN(JigListsTable[JigsToolsDL]))),"?*")+1),INDEX(JigListsTable[JigsToolsDL],ROW()-ROW(JigListsTable[#Headers])),IF(ROW()>ROW(JigListsTable[#Headers])+COUNTIF(JigListsTable[[JigsToolsDL]:[JigsToolsNC]],"?*"),"", INDEX(JigListsTable[JigsToolsNC],ROW()-ROW(JigListsTable[#Headers])-COUNTIF(JigListsTable[JigsToolsDL],"?*")))) | W45: =IF(ROW()>=(ROW()-COUNTIF(JigListsTable[[#This Row],[JigsKnivesDL]]:INDIRECT(ADDRESS(ROW(JigListsTable[JigsKnivesDL])-1+ROWS(JigListsTable[JigsKnivesDL]),COLUMN(JigListsTable[JigsKnivesDL]))),"?*")+1),INDEX(JigListsTable[JigsKnivesDL],ROW()-ROW(JigListsTable[#Headers])),IF(ROW()>ROW(JigListsTable[#Headers])+COUNTIF(JigListsTable[[JigsKnivesDL]:[JigsToolsDL]],"?*"),"", INDEX(JigListsTable[JigsToolsDL],ROW()-ROW(JigListsTable[#Headers])-COUNTIF(JigListsTable[JigsKnivesDL],"?*"))))
J46: Calculations are valid for chisel grind (single bevel) by default. | S46: =IFERROR(INDEX($D$6:$D$150,_xlfn.AGGREGATE(15,6,(ROW($D$6:$D$150)-ROW($D$6)+1)/($E$6:$E$150="Knives"),ROWS(R$6:R46))),"") | T46: =IFERROR(INDEX($D$6:$D$150,_xlfn.AGGREGATE(15,6,(ROW($D$6:$D$150)-ROW($D$6)+1)/($E$6:$E$150="Tools"),ROWS(R$6:R46))),"") | U46: =IFERROR(INDEX($D$6:$D$150,_xlfn.AGGREGATE(15,6,(ROW($D$6:$D$150)-ROW($D$6)+1)/($E$6:$E$150="Tools NC"),ROWS(R$6:R46))),"") | V46: =IF(ROW()>=(ROW()-COUNTIF(JigListsTable[[#This Row],[JigsToolsDL]]:INDIRECT(ADDRESS(ROW(JigListsTable[JigsToolsDL])-1+ROWS(JigListsTable[JigsToolsDL]),COLUMN(JigListsTable[JigsToolsDL]))),"?*")+1),INDEX(JigListsTable[JigsToolsDL],ROW()-ROW(JigListsTable[#Headers])),IF(ROW()>ROW(JigListsTable[#Headers])+COUNTIF(JigListsTable[[JigsToolsDL]:[JigsToolsNC]],"?*"),"", INDEX(JigListsTable[JigsToolsNC],ROW()-ROW(JigListsTable[#Headers])-COUNTIF(JigListsTable[JigsToolsDL],"?*")))) | W46: =IF(ROW()>=(ROW()-COUNTIF(JigListsTable[[#This Row],[JigsKnivesDL]]:INDIRECT(ADDRESS(ROW(JigListsTable[JigsKnivesDL])-1+ROWS(JigListsTable[JigsKnivesDL]),COLUMN(JigListsTable[JigsKnivesDL]))),"?*")+1),INDEX(JigListsTable[JigsKnivesDL],ROW()-ROW(JigListsTable[#Headers])),IF(ROW()>ROW(JigListsTable[#Headers])+COUNTIF(JigListsTable[[JigsKnivesDL]:[JigsToolsDL]],"?*"),"", INDEX(JigListsTable[JigsToolsDL],ROW()-ROW(JigListsTable[#Headers])-COUNTIF(JigListsTable[JigsKnivesDL],"?*"))))
J47: For precise double bevel grind edge thickness compensation is required, | S47: =IFERROR(INDEX($D$6:$D$150,_xlfn.AGGREGATE(15,6,(ROW($D$6:$D$150)-ROW($D$6)+1)/($E$6:$E$150="Knives"),ROWS(R$6:R47))),"") | T47: =IFERROR(INDEX($D$6:$D$150,_xlfn.AGGREGATE(15,6,(ROW($D$6:$D$150)-ROW($D$6)+1)/($E$6:$E$150="Tools"),ROWS(R$6:R47))),"") | U47: =IFERROR(INDEX($D$6:$D$150,_xlfn.AGGREGATE(15,6,(ROW($D$6:$D$150)-ROW($D$6)+1)/($E$6:$E$150="Tools NC"),ROWS(R$6:R47))),"") | V47: =IF(ROW()>=(ROW()-COUNTIF(JigListsTable[[#This Row],[JigsToolsDL]]:INDIRECT(ADDRESS(ROW(JigListsTable[JigsToolsDL])-1+ROWS(JigListsTable[JigsToolsDL]),COLUMN(JigListsTable[JigsToolsDL]))),"?*")+1),INDEX(JigListsTable[JigsToolsDL],ROW()-ROW(JigListsTable[#Headers])),IF(ROW()>ROW(JigListsTable[#Headers])+COUNTIF(JigListsTable[[JigsToolsDL]:[JigsToolsNC]],"?*"),"", INDEX(JigListsTable[JigsToolsNC],ROW()-ROW(JigListsTable[#Headers])-COUNTIF(JigListsTable[JigsToolsDL],"?*")))) | W47: =IF(ROW()>=(ROW()-COUNTIF(JigListsTable[[#This Row],[JigsKnivesDL]]:INDIRECT(ADDRESS(ROW(JigListsTable[JigsKnivesDL])-1+ROWS(JigListsTable[JigsKnivesDL]),COLUMN(JigListsTable[JigsKnivesDL]))),"?*")+1),INDEX(JigListsTable[JigsKnivesDL],ROW()-ROW(JigListsTable[#Headers])),IF(ROW()>ROW(JigListsTable[#Headers])+COUNTIF(JigListsTable[[JigsKnivesDL]:[JigsToolsDL]],"?*"),"", INDEX(JigListsTable[JigsToolsDL],ROW()-ROW(JigListsTable[#Headers])-COUNTIF(JigListsTable[JigsKnivesDL],"?*"))))
J48: see FAQ for details. | S48: =IFERROR(INDEX($D$6:$D$150,_xlfn.AGGREGATE(15,6,(ROW($D$6:$D$150)-ROW($D$6)+1)/($E$6:$E$150="Knives"),ROWS(R$6:R48))),"") | T48: =IFERROR(INDEX($D$6:$D$150,_xlfn.AGGREGATE(15,6,(ROW($D$6:$D$150)-ROW($D$6)+1)/($E$6:$E$150="Tools"),ROWS(R$6:R48))),"") | U48: =IFERROR(INDEX($D$6:$D$150,_xlfn.AGGREGATE(15,6,(ROW($D$6:$D$150)-ROW($D$6)+1)/($E$6:$E$150="Tools NC"),ROWS(R$6:R48))),"") | V48: =IF(ROW()>=(ROW()-COUNTIF(JigListsTable[[#This Row],[JigsToolsDL]]:INDIRECT(ADDRESS(ROW(JigListsTable[JigsToolsDL])-1+ROWS(JigListsTable[JigsToolsDL]),COLUMN(JigListsTable[JigsToolsDL]))),"?*")+1),INDEX(JigListsTable[JigsToolsDL],ROW()-ROW(JigListsTable[#Headers])),IF(ROW()>ROW(JigListsTable[#Headers])+COUNTIF(JigListsTable[[JigsToolsDL]:[JigsToolsNC]],"?*"),"", INDEX(JigListsTable[JigsToolsNC],ROW()-ROW(JigListsTable[#Headers])-COUNTIF(JigListsTable[JigsToolsDL],"?*")))) | W48: =IF(ROW()>=(ROW()-COUNTIF(JigListsTable[[#This Row],[JigsKnivesDL]]:INDIRECT(ADDRESS(ROW(JigListsTable[JigsKnivesDL])-1+ROWS(JigListsTable[JigsKnivesDL]),COLUMN(JigListsTable[JigsKnivesDL]))),"?*")+1),INDEX(JigListsTable[JigsKnivesDL],ROW()-ROW(JigListsTable[#Headers])),IF(ROW()>ROW(JigListsTable[#Headers])+COUNTIF(JigListsTable[[JigsKnivesDL]:[JigsToolsDL]],"?*"),"", INDEX(JigListsTable[JigsToolsDL],ROW()-ROW(JigListsTable[#Headers])-COUNTIF(JigListsTable[JigsKnivesDL],"?*"))))
S49: =IFERROR(INDEX($D$6:$D$150,_xlfn.AGGREGATE(15,6,(ROW($D$6:$D$150)-ROW($D$6)+1)/($E$6:$E$150="Knives"),ROWS(R$6:R49))),"") | T49: =IFERROR(INDEX($D$6:$D$150,_xlfn.AGGREGATE(15,6,(ROW($D$6:$D$150)-ROW($D$6)+1)/($E$6:$E$150="Tools"),ROWS(R$6:R49))),"") | U49: =IFERROR(INDEX($D$6:$D$150,_xlfn.AGGREGATE(15,6,(ROW($D$6:$D$150)-ROW($D$6)+1)/($E$6:$E$150="Tools NC"),ROWS(R$6:R49))),"") | V49: =IF(ROW()>=(ROW()-COUNTIF(JigListsTable[[#This Row],[JigsToolsDL]]:INDIRECT(ADDRESS(ROW(JigListsTable[JigsToolsDL])-1+ROWS(JigListsTable[JigsToolsDL]),COLUMN(JigListsTable[JigsToolsDL]))),"?*")+1),INDEX(JigListsTable[JigsToolsDL],ROW()-ROW(JigListsTable[#Headers])),IF(ROW()>ROW(JigListsTable[#Headers])+COUNTIF(JigListsTable[[JigsToolsDL]:[JigsToolsNC]],"?*"),"", INDEX(JigListsTable[JigsToolsNC],ROW()-ROW(JigListsTable[#Headers])-COUNTIF(JigListsTable[JigsToolsDL],"?*")))) | W49: =IF(ROW()>=(ROW()-COUNTIF(JigListsTable[[#This Row],[JigsKnivesDL]]:INDIRECT(ADDRESS(ROW(JigListsTable[JigsKnivesDL])-1+ROWS(JigListsTable[JigsKnivesDL]),COLUMN(JigListsTable[JigsKnivesDL]))),"?*")+1),INDEX(JigListsTable[JigsKnivesDL],ROW()-ROW(JigListsTable[#Headers])),IF(ROW()>ROW(JigListsTable[#Headers])+COUNTIF(JigListsTable[[JigsKnivesDL]:[JigsToolsDL]],"?*"),"", INDEX(JigListsTable[JigsToolsDL],ROW()-ROW(JigListsTable[#Headers])-COUNTIF(JigListsTable[JigsKnivesDL],"?*"))))
S50: =IFERROR(INDEX($D$6:$D$150,_xlfn.AGGREGATE(15,6,(ROW($D$6:$D$150)-ROW($D$6)+1)/($E$6:$E$150="Knives"),ROWS(R$6:R50))),"") | T50: =IFERROR(INDEX($D$6:$D$150,_xlfn.AGGREGATE(15,6,(ROW($D$6:$D$150)-ROW($D$6)+1)/($E$6:$E$150="Tools"),ROWS(R$6:R50))),"") | U50: =IFERROR(INDEX($D$6:$D$150,_xlfn.AGGREGATE(15,6,(ROW($D$6:$D$150)-ROW($D$6)+1)/($E$6:$E$150="Tools NC"),ROWS(R$6:R50))),"") | V50: =IF(ROW()>=(ROW()-COUNTIF(JigListsTable[[#This Row],[JigsToolsDL]]:INDIRECT(ADDRESS(ROW(JigListsTable[JigsToolsDL])-1+ROWS(JigListsTable[JigsToolsDL]),COLUMN(JigListsTable[JigsToolsDL]))),"?*")+1),INDEX(JigListsTable[JigsToolsDL],ROW()-ROW(JigListsTable[#Headers])),IF(ROW()>ROW(JigListsTable[#Headers])+COUNTIF(JigListsTable[[JigsToolsDL]:[JigsToolsNC]],"?*"),"", INDEX(JigListsTable[JigsToolsNC],ROW()-ROW(JigListsTable[#Headers])-COUNTIF(JigListsTable[JigsToolsDL],"?*")))) | W50: =IF(ROW()>=(ROW()-COUNTIF(JigListsTable[[#This Row],[JigsKnivesDL]]:INDIRECT(ADDRESS(ROW(JigListsTable[JigsKnivesDL])-1+ROWS(JigListsTable[JigsKnivesDL]),COLUMN(JigListsTable[JigsKnivesDL]))),"?*")+1),INDEX(JigListsTable[JigsKnivesDL],ROW()-ROW(JigListsTable[#Headers])),IF(ROW()>ROW(JigListsTable[#Headers])+COUNTIF(JigListsTable[[JigsKnivesDL]:[JigsToolsDL]],"?*"),"", INDEX(JigListsTable[JigsToolsDL],ROW()-ROW(JigListsTable[#Headers])-COUNTIF(JigListsTable[JigsKnivesDL],"?*"))))
B51: 8 | C51: Multi Jig | D51: SVS-50 closed seat | E51: Tools | F51: 21.7 | H51: 0 | J51: Jig diameter M = 21,7 mm. | S51: =IFERROR(INDEX($D$6:$D$150,_xlfn.AGGREGATE(15,6,(ROW($D$6:$D$150)-ROW($D$6)+1)/($E$6:$E$150="Knives"),ROWS(R$6:R51))),"") | T51: =IFERROR(INDEX($D$6:$D$150,_xlfn.AGGREGATE(15,6,(ROW($D$6:$D$150)-ROW($D$6)+1)/($E$6:$E$150="Tools"),ROWS(R$6:R51))),"") | U51: =IFERROR(INDEX($D$6:$D$150,_xlfn.AGGREGATE(15,6,(ROW($D$6:$D$150)-ROW($D$6)+1)/($E$6:$E$150="Tools NC"),ROWS(R$6:R51))),"") | V51: =IF(ROW()>=(ROW()-COUNTIF(JigListsTable[[#This Row],[JigsToolsDL]]:INDIRECT(ADDRESS(ROW(JigListsTable[JigsToolsDL])-1+ROWS(JigListsTable[JigsToolsDL]),COLUMN(JigListsTable[JigsToolsDL]))),"?*")+1),INDEX(JigListsTable[JigsToolsDL],ROW()-ROW(JigListsTable[#Headers])),IF(ROW()>ROW(JigListsTable[#Headers])+COUNTIF(JigListsTable[[JigsToolsDL]:[JigsToolsNC]],"?*"),"", INDEX(JigListsTable[JigsToolsNC],ROW()-ROW(JigListsTable[#Headers])-COUNTIF(JigListsTable[JigsToolsDL],"?*")))) | W51: =IF(ROW()>=(ROW()-COUNTIF(JigListsTable[[#This Row],[JigsKnivesDL]]:INDIRECT(ADDRESS(ROW(JigListsTable[JigsKnivesDL])-1+ROWS(JigListsTable[JigsKnivesDL]),COLUMN(JigListsTable[JigsKnivesDL]))),"?*")+1),INDEX(JigListsTable[JigsKnivesDL],ROW()-ROW(JigListsTable[#Headers])),IF(ROW()>ROW(JigListsTable[#Headers])+COUNTIF(JigListsTable[[JigsKnivesDL]:[JigsToolsDL]],"?*"),"", INDEX(JigListsTable[JigsToolsDL],ROW()-ROW(JigListsTable[#Headers])-COUNTIF(JigListsTable[JigsKnivesDL],"?*"))))
J52: Projection length correction X+ = 0,0 mm. | S52: =IFERROR(INDEX($D$6:$D$150,_xlfn.AGGREGATE(15,6,(ROW($D$6:$D$150)-ROW($D$6)+1)/($E$6:$E$150="Knives"),ROWS(R$6:R52))),"") | T52: =IFERROR(INDEX($D$6:$D$150,_xlfn.AGGREGATE(15,6,(ROW($D$6:$D$150)-ROW($D$6)+1)/($E$6:$E$150="Tools"),ROWS(R$6:R52))),"") | U52: =IFERROR(INDEX($D$6:$D$150,_xlfn.AGGREGATE(15,6,(ROW($D$6:$D$150)-ROW($D$6)+1)/($E$6:$E$150="Tools NC"),ROWS(R$6:R52))),"") | V52: =IF(ROW()>=(ROW()-COUNTIF(JigListsTable[[#This Row],[JigsToolsDL]]:INDIRECT(ADDRESS(ROW(JigListsTable[JigsToolsDL])-1+ROWS(JigListsTable[JigsToolsDL]),COLUMN(JigListsTable[JigsToolsDL]))),"?*")+1),INDEX(JigListsTable[JigsToolsDL],ROW()-ROW(JigListsTable[#Headers])),IF(ROW()>ROW(JigListsTable[#Headers])+COUNTIF(JigListsTable[[JigsToolsDL]:[JigsToolsNC]],"?*"),"", INDEX(JigListsTable[JigsToolsNC],ROW()-ROW(JigListsTable[#Headers])-COUNTIF(JigListsTable[JigsToolsDL],"?*")))) | W52: =IF(ROW()>=(ROW()-COUNTIF(JigListsTable[[#This Row],[JigsKnivesDL]]:INDIRECT(ADDRESS(ROW(JigListsTable[JigsKnivesDL])-1+ROWS(JigListsTable[JigsKnivesDL]),COLUMN(JigListsTable[JigsKnivesDL]))),"?*")+1),INDEX(JigListsTable[JigsKnivesDL],ROW()-ROW(JigListsTable[#Headers])),IF(ROW()>ROW(JigListsTable[#Headers])+COUNTIF(JigListsTable[[JigsKnivesDL]:[JigsToolsDL]],"?*"),"", INDEX(JigListsTable[JigsToolsDL],ROW()-ROW(JigListsTable[#Headers])-COUNTIF(JigListsTable[JigsKnivesDL],"?*"))))
J53: Calculations are valid for symmetrical grind (double bevel) by default. | S53: =IFERROR(INDEX($D$6:$D$150,_xlfn.AGGREGATE(15,6,(ROW($D$6:$D$150)-ROW($D$6)+1)/($E$6:$E$150="Knives"),ROWS(R$6:R53))),"") | T53: =IFERROR(INDEX($D$6:$D$150,_xlfn.AGGREGATE(15,6,(ROW($D$6:$D$150)-ROW($D$6)+1)/($E$6:$E$150="Tools"),ROWS(R$6:R53))),"") | U53: =IFERROR(INDEX($D$6:$D$150,_xlfn.AGGREGATE(15,6,(ROW($D$6:$D$150)-ROW($D$6)+1)/($E$6:$E$150="Tools NC"),ROWS(R$6:R53))),"") | V53: =IF(ROW()>=(ROW()-COUNTIF(JigListsTable[[#This Row],[JigsToolsDL]]:INDIRECT(ADDRESS(ROW(JigListsTable[JigsToolsDL])-1+ROWS(JigListsTable[JigsToolsDL]),COLUMN(JigListsTable[JigsToolsDL]))),"?*")+1),INDEX(JigListsTable[JigsToolsDL],ROW()-ROW(JigListsTable[#Headers])),IF(ROW()>ROW(JigListsTable[#Headers])+COUNTIF(JigListsTable[[JigsToolsDL]:[JigsToolsNC]],"?*"),"", INDEX(JigListsTable[JigsToolsNC],ROW()-ROW(JigListsTable[#Headers])-COUNTIF(JigListsTable[JigsToolsDL],"?*")))) | W53: =IF(ROW()>=(ROW()-COUNTIF(JigListsTable[[#This Row],[JigsKnivesDL]]:INDIRECT(ADDRESS(ROW(JigListsTable[JigsKnivesDL])-1+ROWS(JigListsTable[JigsKnivesDL]),COLUMN(JigListsTable[JigsKnivesDL]))),"?*")+1),INDEX(JigListsTable[JigsKnivesDL],ROW()-ROW(JigListsTable[#Headers])),IF(ROW()>ROW(JigListsTable[#Headers])+COUNTIF(JigListsTable[[JigsKnivesDL]:[JigsToolsDL]],"?*"),"", INDEX(JigListsTable[JigsToolsDL],ROW()-ROW(JigListsTable[#Headers])-COUNTIF(JigListsTable[JigsKnivesDL],"?*"))))
J54: For precise single bevel grind edge thickness compensation is required, | S54: =IFERROR(INDEX($D$6:$D$150,_xlfn.AGGREGATE(15,6,(ROW($D$6:$D$150)-ROW($D$6)+1)/($E$6:$E$150="Knives"),ROWS(R$6:R54))),"") | T54: =IFERROR(INDEX($D$6:$D$150,_xlfn.AGGREGATE(15,6,(ROW($D$6:$D$150)-ROW($D$6)+1)/($E$6:$E$150="Tools"),ROWS(R$6:R54))),"") | U54: =IFERROR(INDEX($D$6:$D$150,_xlfn.AGGREGATE(15,6,(ROW($D$6:$D$150)-ROW($D$6)+1)/($E$6:$E$150="Tools NC"),ROWS(R$6:R54))),"") | V54: =IF(ROW()>=(ROW()-COUNTIF(JigListsTable[[#This Row],[JigsToolsDL]]:INDIRECT(ADDRESS(ROW(JigListsTable[JigsToolsDL])-1+ROWS(JigListsTable[JigsToolsDL]),COLUMN(JigListsTable[JigsToolsDL]))),"?*")+1),INDEX(JigListsTable[JigsToolsDL],ROW()-ROW(JigListsTable[#Headers])),IF(ROW()>ROW(JigListsTable[#Headers])+COUNTIF(JigListsTable[[JigsToolsDL]:[JigsToolsNC]],"?*"),"", INDEX(JigListsTable[JigsToolsNC],ROW()-ROW(JigListsTable[#Headers])-COUNTIF(JigListsTable[JigsToolsDL],"?*")))) | W54: =IF(ROW()>=(ROW()-COUNTIF(JigListsTable[[#This Row],[JigsKnivesDL]]:INDIRECT(ADDRESS(ROW(JigListsTable[JigsKnivesDL])-1+ROWS(JigListsTable[JigsKnivesDL]),COLUMN(JigListsTable[JigsKnivesDL]))),"?*")+1),INDEX(JigListsTable[JigsKnivesDL],ROW()-ROW(JigListsTable[#Headers])),IF(ROW()>ROW(JigListsTable[#Headers])+COUNTIF(JigListsTable[[JigsKnivesDL]:[JigsToolsDL]],"?*"),"", INDEX(JigListsTable[JigsToolsDL],ROW()-ROW(JigListsTable[#Headers])-COUNTIF(JigListsTable[JigsKnivesDL],"?*"))))
J55: see FAQ for details. | S55: =IFERROR(INDEX($D$6:$D$150,_xlfn.AGGREGATE(15,6,(ROW($D$6:$D$150)-ROW($D$6)+1)/($E$6:$E$150="Knives"),ROWS(R$6:R55))),"") | T55: =IFERROR(INDEX($D$6:$D$150,_xlfn.AGGREGATE(15,6,(ROW($D$6:$D$150)-ROW($D$6)+1)/($E$6:$E$150="Tools"),ROWS(R$6:R55))),"") | U55: =IFERROR(INDEX($D$6:$D$150,_xlfn.AGGREGATE(15,6,(ROW($D$6:$D$150)-ROW($D$6)+1)/($E$6:$E$150="Tools NC"),ROWS(R$6:R55))),"") | V55: =IF(ROW()>=(ROW()-COUNTIF(JigListsTable[[#This Row],[JigsToolsDL]]:INDIRECT(ADDRESS(ROW(JigListsTable[JigsToolsDL])-1+ROWS(JigListsTable[JigsToolsDL]),COLUMN(JigListsTable[JigsToolsDL]))),"?*")+1),INDEX(JigListsTable[JigsToolsDL],ROW()-ROW(JigListsTable[#Headers])),IF(ROW()>ROW(JigListsTable[#Headers])+COUNTIF(JigListsTable[[JigsToolsDL]:[JigsToolsNC]],"?*"),"", INDEX(JigListsTable[JigsToolsNC],ROW()-ROW(JigListsTable[#Headers])-COUNTIF(JigListsTable[JigsToolsDL],"?*")))) | W55: =IF(ROW()>=(ROW()-COUNTIF(JigListsTable[[#This Row],[JigsKnivesDL]]:INDIRECT(ADDRESS(ROW(JigListsTable[JigsKnivesDL])-1+ROWS(JigListsTable[JigsKnivesDL]),COLUMN(JigListsTable[JigsKnivesDL]))),"?*")+1),INDEX(JigListsTable[JigsKnivesDL],ROW()-ROW(JigListsTable[#Headers])),IF(ROW()>ROW(JigListsTable[#Headers])+COUNTIF(JigListsTable[[JigsKnivesDL]:[JigsToolsDL]],"?*"),"", INDEX(JigListsTable[JigsToolsDL],ROW()-ROW(JigListsTable[#Headers])-COUNTIF(JigListsTable[JigsKnivesDL],"?*"))))
B60: 9 | C60: Multi Jig | D60: SVS-50 open seat | E60: Tools NC | H60: 0 | J60: Not auto-calculated in TormekCalc. Grinding angle depends on tool shape
J61: and thickness. Use manual inputs for calculations.
J62: Projection length correction X+ = 0,0 mm.
J63: Calculations are valid for symmetrical grind (double bevel) by default.
J64: For precise single bevel grind edge thickness compensation is required,
J65: see FAQ for details.
B69: 10 | C69: Short Tool Jig | D69: SVS-38 | E69: Tools NC | H69: =15+VariableUSBDia/2 -> 21 | J69: Not auto-calculated in TormekCalc. Grinding angle depends on tool shape
J70: and thickness. Use manual inputs for calculations.
J71: Projection length correction X+ = 15+6 = 21,0 mm.
J72: (Projection length X is calculated from the surface of the USB.)
B78: 11 | C78: Gouge Jig | D78: SVD-186 | E78: Tools NC | H78: 0 | J78: Not auto-calculated in TormekCalc.
J79: Projection length can be defined, but clamping ("Jig diameter") and jig
J80: setting vary on different tools. Use manual inputs for calculations.
B85: 12 | C85: Tool Rest | D85: SVD-110 | E85: Tools NC | H85: 0 | J85: Not auto-calculated in TormekCalc.
B92: 13 | C92: Scissors Jig | D92: SVX-150 | E92: Scissors | J92: Not managed in TormekCalc by default.
J93: Setting info can be stored in the Knives or Tools sheet for future reference.
B98: 14 | C98: Axe Jig | D98: SVA-170 | E98: Axe | J98: Not managed in TormekCalc by default.
J99: Setting info can be stored in the Knives or Tools sheet for future reference.

Sheet Settings
B2: Database | E2: Default values | H2: Machines | O2: Grind types
B4: SheetName | C4: InCellName | E4: Default setting description | F4: Value | H4: Setting description | I4: Machine 1 | J4: Machine 2 | K4: Machine 3 | L4: Machine 4 | M4: Machine 5 | O4: Knives grind | P4: Tools grind
B5: Knives | C5: Knife | E5: Default Jig projection length | F5: 139 | O5: Hollow | P5: Chisel
B6: Tools | C6: Tool | E6: Default Grinding angle | F6: 18 | H6: Machine type | I6: Tormek T-8 | J6: Tormek T-8 | K6: Any grinder | O6: High Flat | P6: Symmetrical
E7: Default Knife Jig diameter | F7: 12 | H7: Machine description | I7: Testing values | J7: Testing values | K7: with BGM-100 | O7: Full Flat | P7: Asymmetrical
E8: Default Tool Jig diameter | F8: 49.2 | K8: (see example) | O8: Scandi
E9: Default FVB distance F | F9: 24.5 | O9: Convex
H10: USB diameter | I10: 12 | J10: 12 | K10: 12 | O10: Asymmetrical
E11: Default USB diameter | F11: 12 | H11: HV - Vertical USB constant | I11: 50 | J11: 50.5 | O11: Single Bevel
E12: Default HV - Vertical USB constant | F12: 49.9 | H12: VV - Vertical USB constant | I12: 29 | J12: 29
E13: Default VV - Vertical USB constant | F13: 28.7 | H13: HH - Horizontal USB constant | I13: 41 | J13: 41 | K13: -20
E14: Default HH - Horizontal USB constant | F14: 41 | H14: VH - Horizontal USB constant | I14: 81 | J14: 79.8 | K14: 85
E15: Default VH - Horizontal USB constant | F15: 81.1 | H15: FVB body thickness constant | I15: 37.2 | J15: 37.2 | K15: 37.2
E16: Default FVB body thickness constant | F16: 37.2 | H16: VF - FVB constant | I16: 56 | J16: 56 | K16: 56
E17: Default VF - FVB constant | F17: 56 | H17: Variable length HF - FVB | I17: =IF(OR(I14="",I15=""),"",FVBOffset+I$14+I$15) -> 142.7 | J17: =IF(OR(J14="",J15=""),"",FVBOffset+J$14+J$15) -> 141.5 | K17: =IF(OR(K14="",K15=""),"",FVBOffset+K$14+K$15) -> 146.7 | L17: =IF(OR(L14="",L15=""),"",FVBOffset+L$14+L$15) | M17: =IF(OR(M14="",M15=""),"",FVBOffset+M$14+M$15)
E18: Variable length HF - FVB | F18: <not used>
E20: Default wheel diameter | F20: 250 | H20: Auxiliary values
E21: Default edge thickness | F21: 0.6 | H21: Jig-length to knife edge JG [mm] | I21: =IF(ISERROR(OR(VariableJPL,I10)),NotAvailable,VariableJPL-I10/2) -> 132 | J21: =IF(ISERROR(OR(VariableJPL,J10)),NotAvailable,VariableJPL-J10/2) -> 132 | K21: =IF(ISERROR(OR(VariableJPL,K10)),NotAvailable,VariableJPL-K10/2) -> 132 | L21: =IF(ISERROR(OR(VariableJPL,L10)),NotAvailable,VariableJPL-L10/2) -> 138 | M21: =IF(ISERROR(OR(VariableJPL,M10)),NotAvailable,VariableJPL-M10/2) -> 138
H22: Jig-center to USB-center offset JC [mm] | I22: =IF(OR(VariableJTD=NotAvailable,ISERROR(OR(VariableJTD,I10))),NotAvailable,VariableJTD/2+I10/2) -> 12 | J22: =IF(OR(VariableJTD=NotAvailable,ISERROR(OR(VariableJTD,J10))),NotAvailable,VariableJTD/2+J10/2) -> 12 | K22: =IF(OR(VariableJTD=NotAvailable,ISERROR(OR(VariableJTD,K10))),NotAvailable,VariableJTD/2+K10/2) -> 12 | L22: =IF(OR(VariableJTD=NotAvailable,ISERROR(OR(VariableJTD,L10))),NotAvailable,VariableJTD/2+L10/2) -> 6 | M22: =IF(OR(VariableJTD=NotAvailable,ISERROR(OR(VariableJTD,M10))),NotAvailable,VariableJTD/2+M10/2) -> 6
E23: Min. FVB distance F | F23: 24.5 | H23: USB-center to knife edge CG [mm] | I23: =IF(OR(I21=NotAvailable,I22=NotAvailable),NotAvailable,SQRT(I21^2+I22^2)) -> 132.54433 | J23: =IF(OR(J21=NotAvailable,J22=NotAvailable),NotAvailable,SQRT(J21^2+J22^2)) -> 132.54433 | K23: =IF(OR(K21=NotAvailable,K22=NotAvailable),NotAvailable,SQRT(K21^2+K22^2)) -> 132.54433 | L23: =IF(OR(L21=NotAvailable,L22=NotAvailable),NotAvailable,SQRT(L21^2+L22^2)) -> 138.13037 | M23: =IF(OR(M21=NotAvailable,M22=NotAvailable),NotAvailable,SQRT(M21^2+M22^2)) -> 138.13037
E24: Min. height of VUSB / US-105 | F24: 67 | H24: Angular offset ∂k [°] | I24: =IF(OR(I21=NotAvailable,I22=NotAvailable),NotAvailable,DEGREES(ATAN(I22/I21))) -> 5.1944289 | J24: =IF(OR(J21=NotAvailable,J22=NotAvailable),NotAvailable,DEGREES(ATAN(J22/J21))) -> 5.1944289 | K24: =IF(OR(K21=NotAvailable,K22=NotAvailable),NotAvailable,DEGREES(ATAN(K22/K21))) -> 5.1944289 | L24: =IF(OR(L21=NotAvailable,L22=NotAvailable),NotAvailable,DEGREES(ATAN(L22/L21))) -> 2.4895529 | M24: =IF(OR(M21=NotAvailable,M22=NotAvailable),NotAvailable,DEGREES(ATAN(M22/M21))) -> 2.4895529
E25: Max. height of VUSB / US-105 | F25: 186
E26: Min. height of HUSB+FUSB / US-105 | F26: 22
E27: Min. height of HUSB+FUSB / US-105 | F27: 134
E28: Min. height of VUSB / US-430 | F28: 67
E29: Max. height of VUSB / US-430 | F29: 240 | H29: Example (data in column "Machine 3")
E30: Min. height of HUSB+FUSB / US-430 | F30: 22 | H30: Machine type (required) | J30: Grinder XY
E31: Min. height of HUSB+FUSB / US-430 | F31: 188 | H31: Machine description (optional) | J31: with BGM-100
H32: USB diameter (Tormek US-105) | J32: 12,0 mm
E33: Empty database | F33: Select database | H33: HV - Vertical USB constant - not equipped | J33: <blank>
E34: Empty machines | F34: Set machines | H34: VV - Vertical USB constant - not equipped | J34: <blank>
E35: Not available / unknown | F35: n/a | H35: HH - Horizontal USB constant - mounted BGM-100 | J35: measured -20,0 mm
H36: VH - Horizontal USB constant - mounted BGM-100 | J36: measured +85,2 mm
E37: TormekCalc2 version | F37: 2.01 | H37: FVB body thickness constant - present FVB can be used | J37: 37,2 mm
H38: VF - FVB constant - present FVB can be used | J38: 56,0 mm
H39: Variable length HF - FVB - formula is O.K. | J39: 146,70 mm
H41: Now is possible to select machine from drop-down list in TormekCalc and BevelCalc sheets.
H42: Be sure to update the grinding wheel specification in the column with selected machine.
H43: See https://www.tormek.com/forum/index.php?topic=4129.0 for FVB documentation.

Sheet FAQ
B2: Frequently Asked Questions (FAQ)
B5: Q: | C5: TormekCalc calculations are made in the axis of the knife, so results are valid for symmetrical edges only. Can I use TormekCalc for asymmetrical or single bevel blades?
B7: A: | C7: Yes, you can, but at first… Not all calculations in TormekCalc2 are made for symmetrical edges. In fact it depends on the jig setting , e.g. calculations for Square edge jig SE-77 are valid for chisel (single bevel) grind. You can find info about the type of calculation in the Jigs sheet.
C9: However, it is true that the knife grinding jigs are normally set for symmetrical grind. It means that the axis passes through the tip of the edge (point G in the drawing in TormekCalc sheet), continues through the center of the blade and the jig to point J and beyond. When grinding an asymmetric edge, position of the point G will move up or down and you need to move point J by the same distance, to obtain new axis paralel with the old one. The easiest way is to change the Jig diameter M. This virtually moves the universal support bar (USB) by a value that depends od the specified Jig diameter M, simulating a different blade axis, without affecting the accuracy of the results. As you know, your goal is to find the right USB height for grinding.
C15: Example: | D15: You have a knife with edge thickness 2 mm (edge thickness = thickness at edge heel) which is fitted and centered in the standard jig SVM-45. You want to grind single bevel edge so your real tip axis is 1 mm above the standard calculated axis and it means "deeper" grinding. Therefore change Jig diameter M to 14 mm and your USB height is reduced for 1 mm deeper grinding. I know, it looks strange at first glance, because it gives the impression that the knife will raise even higher, but in fact the diameter of the jig and grinding angle remain the same, and the calculation, thanks to this change, only virtually shifts the support down by the desired value. And why change to 14 mm? SVM-45 has diameter 12 mm by default, change to 14 mm moves the jig axis by 1 mm because it's diameter, not radius.
B22: Q: | C22: What is Frontal vertical base (FVB) and what is the reason or advantage when using this?
B24: A: | C24: FVB is an unoriginal accessory for Tormek machines (or other) that you gives you some more possibilites when grinding. You can make it or buy it, the production documentation for my version of FVB you can find at https://www.tormek.com/forum/index.php?topic=4129.0.
C26: The main reason why I started using it was possibility to grind wide knives and choppers. Standard version of universal support bar US-105 allows grinding up to maximum jig projection length X = 150 mm (approx.) for grinding angle Δ = 20°, ie. that the maximum possible blade height in the SVM-45 is about 55 mm, and this may not be enough. With the release of US-430, the situation has changed since it is 54 mm higher and this allows the maximum projection length for a grinding angle of 20 ° up to about 210 mm, ie. maximum possible blade height in the SVM-45 is about 115 mm, which is sufficient in most cases.
C30: The current advantage of the FVB is an even greater working range for grinding away from the edge and for me also more ergonomic placement, and thus subjectively a little bit better control during grinding and honing. It is not true that using FVB you can achieve higher sharpness, the same results can be achieved on a standard horizontal base too. Higher sharpness does not depend on where the support is located, but on the precise adjustment of the grinding angle between different grinding and polishing wheels and the grinding procedure.
B35: Q: | C35: How can I check the height calculations for different Univesal support bars (USB's)?
B37: A: | C37: Use T dimension (distance from USB to wheel surface S). This dimension stays the same for all USB's on the same wheel.
C38: Set the USB to the calculated distance T USB and then measure appropriate USB height. Compare measured value with the calculated one. If the values match, the constants for the selected support are set correctly, if not, the dimensions of the constants must be checked/re-measured. Repeat the procedure for next USB. Measure on trued wheel or use the same point on the surface to eliminate deviations given by an uneven wheel. You can use inserted spacer between the wheel and the USB for easy setting because precise measuring T distance can be tricky without suitable tool. Calculate the corresponding grinding angle in BevelCalc in this case.
B44: Q: | C44: I use other software and it gives different results. Why?
B46: A: | C46: That's a good question, but you should ask the other side. The problem is that some applications use approximated values to calculate and do not take into account the actual edge, jig, and USB support axes. As a result, the value of the grinded angle differs more or less from the specified one. I found this in the past and it was one of the reasons why I started developing TormekCalc. From the very beginning TormekCalc is based on exact mathematical formulas that give accurate results in a defined grinding axis. The calculations are first verified by simulations in parametric 3D modeller and then by measurement of grinded edges. This does not mean that TormekCalc2 is completelly error-free, but the calculations and results are very thoroughly tested. However, this does not mean that you have to get accurate grinding results, as calculations may be affected by variations in measurement, adjustment and grinding. But if you don't get an exact result, at least you can find out exactly why. Finally, if you have any doubts about the calculated values, you can perform your own verification. TormekCalc2 does not contain hidden code, all formulas are clearly visible.
B55: Q: | C55: I don't use / need all rows, columns, sheets etc. displayed in TormekCalc. Can I delete them?
B57: A: | C57: I do not recommend deleting any of the above due to the possible disruption of functionality. Some parts of TormekCalc are hidden by default (auxiliary formulas and data) and you risk losing them. The safe way is to hide unused rows, columns or sheets by right-click on the selected object and choosing Hide. If you really want to delete something, make a backup first and after making changes check the functionality of the TormekCalc thoroughly.
B62: Q: | C62: Is TormekCalc2 compatible with other spreadsheet programs?
B64: A: | C64: TormekCalc2 is compatible with Microsoft Excel and was tested with versions Excel 2010, Excel 2013, Excel 2016 and Excel 365. Incompatibility was found in Excel for the web, Excel Mobile and Excel Starter due missing function CELL ("width"; [reference])) and this problem was solved by a workaround that has slightly limited functionality for these versions (offered are all wheels in drop-down lists, hidden ones aren't excluded). It is probably not compatible with Google Sheets and other apps which don't support structured references. Unfortunately structured references are essencial in TormekCalc2 design.
B70: Q: | C70: I appreciate your making this spreadsheet, it's exactly what I was looking for. Can I support future development by small donation?
B72: A: | C72: You can if you want. Please send me a private message through the Tormek Community Forum for details. Nick: jvh Topic TormekCalc2: https://www.tormek.com/forum/index.php?topic=4181.0 or Topic TormekCalc: https://www.tormek.com/forum/index.php?topic=3919.0
T81: jvh
T82: 43850
